"YEAR","REGION","COUNTY NAME","ETHNICITY","ENROLLMENT"
"2018-2019",07,"ANDERSON COUNTY","American Indian or Alaska Nat",29
"2018-2019",07,"ANDERSON COUNTY","Asian",58
"2018-2019",07,"ANDERSON COUNTY","Black or African American",1355
"2018-2019",07,"ANDERSON COUNTY","Hispanic/Latino",2104
"2018-2019",07,"ANDERSON COUNTY","Native Hawaiian/Other Pacific",4
"2018-2019",07,"ANDERSON COUNTY","Two or more races",311
"2018-2019",07,"ANDERSON COUNTY","White",4445
"2018-2019",18,"ANDREWS COUNTY","American Indian or Alaska Nat",21
"2018-2019",18,"ANDREWS COUNTY","Asian",17
"2018-2019",18,"ANDREWS COUNTY","Black or African American",36
"2018-2019",18,"ANDREWS COUNTY","Hispanic/Latino",2915
"2018-2019",18,"ANDREWS COUNTY","Native Hawaiian/Other Pacific",1
"2018-2019",18,"ANDREWS COUNTY","Two or more races",72
"2018-2019",18,"ANDREWS COUNTY","White",1257
"2018-2019",07,"ANGELINA COUNTY","American Indian or Alaska Nat",48
"2018-2019",07,"ANGELINA COUNTY","Asian",140
"2018-2019",07,"ANGELINA COUNTY","Black or African American",3001
"2018-2019",07,"ANGELINA COUNTY","Hispanic/Latino",5701
"2018-2019",07,"ANGELINA COUNTY","Native Hawaiian/Other Pacific",6
"2018-2019",07,"ANGELINA COUNTY","Two or more races",465
"2018-2019",07,"ANGELINA COUNTY","White",7846
"2018-2019",02,"ARANSAS COUNTY","American Indian or Alaska Nat",9
"2018-2019",02,"ARANSAS COUNTY","Asian",62
"2018-2019",02,"ARANSAS COUNTY","Black or African American",27
"2018-2019",02,"ARANSAS COUNTY","Hispanic/Latino",1205
"2018-2019",02,"ARANSAS COUNTY","Native Hawaiian/Other Pacific",4
"2018-2019",02,"ARANSAS COUNTY","Two or more races",85
"2018-2019",02,"ARANSAS COUNTY","White",1437
"2018-2019",09,"ARCHER COUNTY","American Indian or Alaska Nat",13
"2018-2019",09,"ARCHER COUNTY","Asian",4
"2018-2019",09,"ARCHER COUNTY","Black or African American",9
"2018-2019",09,"ARCHER COUNTY","Hispanic/Latino",269
"2018-2019",09,"ARCHER COUNTY","Native Hawaiian/Other Pacific",1
"2018-2019",09,"ARCHER COUNTY","Two or more races",41
"2018-2019",09,"ARCHER COUNTY","White",1619
"2018-2019",16,"ARMSTRONG COUNTY","American Indian or Alaska Nat",4
"2018-2019",16,"ARMSTRONG COUNTY","Black or African American",3
"2018-2019",16,"ARMSTRONG COUNTY","Hispanic/Latino",45
"2018-2019",16,"ARMSTRONG COUNTY","Two or more races",6
"2018-2019",16,"ARMSTRONG COUNTY","White",301
"2018-2019",20,"ATASCOSA COUNTY","American Indian or Alaska Nat",17
"2018-2019",20,"ATASCOSA COUNTY","Asian",27
"2018-2019",20,"ATASCOSA COUNTY","Black or African American",46
"2018-2019",20,"ATASCOSA COUNTY","Hispanic/Latino",6721
"2018-2019",20,"ATASCOSA COUNTY","Native Hawaiian/Other Pacific",6
"2018-2019",20,"ATASCOSA COUNTY","Two or more races",76
"2018-2019",20,"ATASCOSA COUNTY","White",2178
"2018-2019",06,"AUSTIN COUNTY","American Indian or Alaska Nat",7
"2018-2019",06,"AUSTIN COUNTY","Asian",42
"2018-2019",06,"AUSTIN COUNTY","Black or African American",514
"2018-2019",06,"AUSTIN COUNTY","Hispanic/Latino",2511
"2018-2019",06,"AUSTIN COUNTY","Native Hawaiian/Other Pacific",2
"2018-2019",06,"AUSTIN COUNTY","Two or more races",135
"2018-2019",06,"AUSTIN COUNTY","White",2657
"2018-2019",17,"BAILEY COUNTY","American Indian or Alaska Nat",1
"2018-2019",17,"BAILEY COUNTY","Asian",6
"2018-2019",17,"BAILEY COUNTY","Black or African American",8
"2018-2019",17,"BAILEY COUNTY","Hispanic/Latino",1202
"2018-2019",17,"BAILEY COUNTY","Two or more races",4
"2018-2019",17,"BAILEY COUNTY","White",196
"2018-2019",20,"BANDERA COUNTY","American Indian or Alaska Nat",4
"2018-2019",20,"BANDERA COUNTY","Asian",8
"2018-2019",20,"BANDERA COUNTY","Black or African American",12
"2018-2019",20,"BANDERA COUNTY","Hispanic/Latino",842
"2018-2019",20,"BANDERA COUNTY","Native Hawaiian/Other Pacific",2
"2018-2019",20,"BANDERA COUNTY","Two or more races",64
"2018-2019",20,"BANDERA COUNTY","White",1608
"2018-2019",13,"BASTROP COUNTY","American Indian or Alaska Nat",29
"2018-2019",13,"BASTROP COUNTY","Asian",77
"2018-2019",13,"BASTROP COUNTY","Black or African American",1039
"2018-2019",13,"BASTROP COUNTY","Hispanic/Latino",11262
"2018-2019",13,"BASTROP COUNTY","Native Hawaiian/Other Pacific",13
"2018-2019",13,"BASTROP COUNTY","Two or more races",504
"2018-2019",13,"BASTROP COUNTY","White",4798
"2018-2019",09,"BAYLOR COUNTY","Asian",2
"2018-2019",09,"BAYLOR COUNTY","Black or African American",8
"2018-2019",09,"BAYLOR COUNTY","Hispanic/Latino",113
"2018-2019",09,"BAYLOR COUNTY","Two or more races",28
"2018-2019",09,"BAYLOR COUNTY","White",431
"2018-2019",02,"BEE COUNTY","American Indian or Alaska Nat",6
"2018-2019",02,"BEE COUNTY","Asian",26
"2018-2019",02,"BEE COUNTY","Black or African American",115
"2018-2019",02,"BEE COUNTY","Hispanic/Latino",4226
"2018-2019",02,"BEE COUNTY","Native Hawaiian/Other Pacific",5
"2018-2019",02,"BEE COUNTY","Two or more races",54
"2018-2019",02,"BEE COUNTY","White",900
"2018-2019",12,"BELL COUNTY","American Indian or Alaska Nat",384
"2018-2019",12,"BELL COUNTY","Asian",1565
"2018-2019",12,"BELL COUNTY","Black or African American",19264
"2018-2019",12,"BELL COUNTY","Hispanic/Latino",23908
"2018-2019",12,"BELL COUNTY","Native Hawaiian/Other Pacific",1011
"2018-2019",12,"BELL COUNTY","Two or more races",4635
"2018-2019",12,"BELL COUNTY","White",24021
"2018-2019",13,"BELL COUNTY","American Indian or Alaska Nat",1
"2018-2019",13,"BELL COUNTY","Black or African American",40
"2018-2019",13,"BELL COUNTY","Hispanic/Latino",225
"2018-2019",13,"BELL COUNTY","Two or more races",9
"2018-2019",13,"BELL COUNTY","White",68
"2018-2019",20,"BELL COUNTY","American Indian or Alaska Nat",5
"2018-2019",20,"BELL COUNTY","Asian",7
"2018-2019",20,"BELL COUNTY","Black or African American",270
"2018-2019",20,"BELL COUNTY","Hispanic/Latino",1226
"2018-2019",20,"BELL COUNTY","Native Hawaiian/Other Pacific",3
"2018-2019",20,"BELL COUNTY","Two or more races",26
"2018-2019",20,"BELL COUNTY","White",415
"2018-2019",20,"BEXAR COUNTY","American Indian or Alaska Nat",574
"2018-2019",20,"BEXAR COUNTY","Asian",8979
"2018-2019",20,"BEXAR COUNTY","Black or African American",25063
"2018-2019",20,"BEXAR COUNTY","Hispanic/Latino",252754
"2018-2019",20,"BEXAR COUNTY","Native Hawaiian/Other Pacific",564
"2018-2019",20,"BEXAR COUNTY","Two or more races",8049
"2018-2019",20,"BEXAR COUNTY","White",53979
"2018-2019",13,"BLANCO COUNTY","Asian",8
"2018-2019",13,"BLANCO COUNTY","Black or African American",8
"2018-2019",13,"BLANCO COUNTY","Hispanic/Latino",588
"2018-2019",13,"BLANCO COUNTY","Two or more races",31
"2018-2019",13,"BLANCO COUNTY","White",1026
"2018-2019",17,"BORDEN COUNTY","American Indian or Alaska Nat",1
"2018-2019",17,"BORDEN COUNTY","Black or African American",1
"2018-2019",17,"BORDEN COUNTY","Hispanic/Latino",33
"2018-2019",17,"BORDEN COUNTY","Two or more races",4
"2018-2019",17,"BORDEN COUNTY","White",175
"2018-2019",12,"BOSQUE COUNTY","American Indian or Alaska Nat",7
"2018-2019",12,"BOSQUE COUNTY","Asian",20
"2018-2019",12,"BOSQUE COUNTY","Black or African American",63
"2018-2019",12,"BOSQUE COUNTY","Hispanic/Latino",949
"2018-2019",12,"BOSQUE COUNTY","Two or more races",112
"2018-2019",12,"BOSQUE COUNTY","White",1771
"2018-2019",08,"BOWIE COUNTY","American Indian or Alaska Nat",76
"2018-2019",08,"BOWIE COUNTY","Asian",187
"2018-2019",08,"BOWIE COUNTY","Black or African American",5492
"2018-2019",08,"BOWIE COUNTY","Hispanic/Latino",1856
"2018-2019",08,"BOWIE COUNTY","Native Hawaiian/Other Pacific",18
"2018-2019",08,"BOWIE COUNTY","Two or more races",990
"2018-2019",08,"BOWIE COUNTY","White",9232
"2018-2019",04,"BRAZORIA COUNTY","American Indian or Alaska Nat",357
"2018-2019",04,"BRAZORIA COUNTY","Asian",5054
"2018-2019",04,"BRAZORIA COUNTY","Black or African American",10744
"2018-2019",04,"BRAZORIA COUNTY","Hispanic/Latino",29778
"2018-2019",04,"BRAZORIA COUNTY","Native Hawaiian/Other Pacific",57
"2018-2019",04,"BRAZORIA COUNTY","Two or more races",2174
"2018-2019",04,"BRAZORIA COUNTY","White",24543
"2018-2019",06,"BRAZOS COUNTY","American Indian or Alaska Nat",98
"2018-2019",06,"BRAZOS COUNTY","Asian",1104
"2018-2019",06,"BRAZOS COUNTY","Black or African American",5391
"2018-2019",06,"BRAZOS COUNTY","Hispanic/Latino",12722
"2018-2019",06,"BRAZOS COUNTY","Native Hawaiian/Other Pacific",34
"2018-2019",06,"BRAZOS COUNTY","Two or more races",778
"2018-2019",06,"BRAZOS COUNTY","White",10468
"2018-2019",18,"BREWSTER COUNTY","American Indian or Alaska Nat",4
"2018-2019",18,"BREWSTER COUNTY","Asian",19
"2018-2019",18,"BREWSTER COUNTY","Black or African American",7
"2018-2019",18,"BREWSTER COUNTY","Hispanic/Latino",765
"2018-2019",18,"BREWSTER COUNTY","Native Hawaiian/Other Pacific",2
"2018-2019",18,"BREWSTER COUNTY","Two or more races",15
"2018-2019",18,"BREWSTER COUNTY","White",371
"2018-2019",16,"BRISCOE COUNTY","Black or African American",3
"2018-2019",16,"BRISCOE COUNTY","Hispanic/Latino",87
"2018-2019",16,"BRISCOE COUNTY","Two or more races",3
"2018-2019",16,"BRISCOE COUNTY","White",98
"2018-2019",02,"BROOKS COUNTY","American Indian or Alaska Nat",2
"2018-2019",02,"BROOKS COUNTY","Asian",3
"2018-2019",02,"BROOKS COUNTY","Hispanic/Latino",1541
"2018-2019",02,"BROOKS COUNTY","White",22
"2018-2019",15,"BROWN COUNTY","American Indian or Alaska Nat",16
"2018-2019",15,"BROWN COUNTY","Asian",47
"2018-2019",15,"BROWN COUNTY","Black or African American",211
"2018-2019",15,"BROWN COUNTY","Hispanic/Latino",2162
"2018-2019",15,"BROWN COUNTY","Native Hawaiian/Other Pacific",3
"2018-2019",15,"BROWN COUNTY","Two or more races",222
"2018-2019",15,"BROWN COUNTY","White",3904
"2018-2019",06,"BURLESON COUNTY","American Indian or Alaska Nat",11
"2018-2019",06,"BURLESON COUNTY","Asian",12
"2018-2019",06,"BURLESON COUNTY","Black or African American",414
"2018-2019",06,"BURLESON COUNTY","Hispanic/Latino",977
"2018-2019",06,"BURLESON COUNTY","Two or more races",112
"2018-2019",06,"BURLESON COUNTY","White",1278
"2018-2019",13,"BURNET COUNTY","American Indian or Alaska Nat",28
"2018-2019",13,"BURNET COUNTY","Asian",62
"2018-2019",13,"BURNET COUNTY","Black or African American",105
"2018-2019",13,"BURNET COUNTY","Hispanic/Latino",3041
"2018-2019",13,"BURNET COUNTY","Native Hawaiian/Other Pacific",15
"2018-2019",13,"BURNET COUNTY","Two or more races",149
"2018-2019",13,"BURNET COUNTY","White",4071
"2018-2019",13,"CALDWELL COUNTY","American Indian or Alaska Nat",25
"2018-2019",13,"CALDWELL COUNTY","Asian",25
"2018-2019",13,"CALDWELL COUNTY","Black or African American",293
"2018-2019",13,"CALDWELL COUNTY","Hispanic/Latino",5749
"2018-2019",13,"CALDWELL COUNTY","Native Hawaiian/Other Pacific",6
"2018-2019",13,"CALDWELL COUNTY","Two or more races",126
"2018-2019",13,"CALDWELL COUNTY","White",1513
"2018-2019",03,"CALHOUN COUNTY","American Indian or Alaska Nat",10
"2018-2019",03,"CALHOUN COUNTY","Asian",220
"2018-2019",03,"CALHOUN COUNTY","Black or African American",73
"2018-2019",03,"CALHOUN COUNTY","Hispanic/Latino",2430
"2018-2019",03,"CALHOUN COUNTY","Native Hawaiian/Other Pacific",2
"2018-2019",03,"CALHOUN COUNTY","Two or more races",24
"2018-2019",03,"CALHOUN COUNTY","White",1087
"2018-2019",14,"CALLAHAN COUNTY","American Indian or Alaska Nat",4
"2018-2019",14,"CALLAHAN COUNTY","Asian",6
"2018-2019",14,"CALLAHAN COUNTY","Black or African American",26
"2018-2019",14,"CALLAHAN COUNTY","Hispanic/Latino",385
"2018-2019",14,"CALLAHAN COUNTY","Native Hawaiian/Other Pacific",2
"2018-2019",14,"CALLAHAN COUNTY","Two or more races",47
"2018-2019",14,"CALLAHAN COUNTY","White",2049
"2018-2019",01,"CAMERON COUNTY","American Indian or Alaska Nat",54
"2018-2019",01,"CAMERON COUNTY","Asian",550
"2018-2019",01,"CAMERON COUNTY","Black or African American",240
"2018-2019",01,"CAMERON COUNTY","Hispanic/Latino",94176
"2018-2019",01,"CAMERON COUNTY","Native Hawaiian/Other Pacific",25
"2018-2019",01,"CAMERON COUNTY","Two or more races",126
"2018-2019",01,"CAMERON COUNTY","White",2530
"2018-2019",08,"CAMP COUNTY","American Indian or Alaska Nat",6
"2018-2019",08,"CAMP COUNTY","Asian",18
"2018-2019",08,"CAMP COUNTY","Black or African American",430
"2018-2019",08,"CAMP COUNTY","Hispanic/Latino",968
"2018-2019",08,"CAMP COUNTY","Two or more races",63
"2018-2019",08,"CAMP COUNTY","White",871
"2018-2019",16,"CARSON COUNTY","American Indian or Alaska Nat",8
"2018-2019",16,"CARSON COUNTY","Asian",6
"2018-2019",16,"CARSON COUNTY","Black or African American",9
"2018-2019",16,"CARSON COUNTY","Hispanic/Latino",142
"2018-2019",16,"CARSON COUNTY","Two or more races",13
"2018-2019",16,"CARSON COUNTY","White",1039
"2018-2019",08,"CASS COUNTY","American Indian or Alaska Nat",30
"2018-2019",08,"CASS COUNTY","Asian",30
"2018-2019",08,"CASS COUNTY","Black or African American",1040
"2018-2019",08,"CASS COUNTY","Hispanic/Latino",429
"2018-2019",08,"CASS COUNTY","Native Hawaiian/Other Pacific",1
"2018-2019",08,"CASS COUNTY","Two or more races",229
"2018-2019",08,"CASS COUNTY","White",3766
"2018-2019",16,"CASTRO COUNTY","American Indian or Alaska Nat",8
"2018-2019",16,"CASTRO COUNTY","Asian",9
"2018-2019",16,"CASTRO COUNTY","Black or African American",28
"2018-2019",16,"CASTRO COUNTY","Hispanic/Latino",1315
"2018-2019",16,"CASTRO COUNTY","Two or more races",4
"2018-2019",16,"CASTRO COUNTY","White",333
"2018-2019",04,"CHAMBERS COUNTY","American Indian or Alaska Nat",27
"2018-2019",04,"CHAMBERS COUNTY","Asian",103
"2018-2019",04,"CHAMBERS COUNTY","Black or African American",330
"2018-2019",04,"CHAMBERS COUNTY","Hispanic/Latino",1795
"2018-2019",04,"CHAMBERS COUNTY","Native Hawaiian/Other Pacific",2
"2018-2019",04,"CHAMBERS COUNTY","Two or more races",201
"2018-2019",04,"CHAMBERS COUNTY","White",4599
"2018-2019",05,"CHAMBERS COUNTY","Asian",12
"2018-2019",05,"CHAMBERS COUNTY","Black or African American",116
"2018-2019",05,"CHAMBERS COUNTY","Hispanic/Latino",672
"2018-2019",05,"CHAMBERS COUNTY","Two or more races",36
"2018-2019",05,"CHAMBERS COUNTY","White",675
"2018-2019",07,"CHEROKEE COUNTY","American Indian or Alaska Nat",31
"2018-2019",07,"CHEROKEE COUNTY","Asian",35
"2018-2019",07,"CHEROKEE COUNTY","Black or African American",1241
"2018-2019",07,"CHEROKEE COUNTY","Hispanic/Latino",3560
"2018-2019",07,"CHEROKEE COUNTY","Native Hawaiian/Other Pacific",6
"2018-2019",07,"CHEROKEE COUNTY","Two or more races",308
"2018-2019",07,"CHEROKEE COUNTY","White",3246
"2018-2019",16,"CHILDRESS COUNTY","American Indian or Alaska Nat",5
"2018-2019",16,"CHILDRESS COUNTY","Asian",18
"2018-2019",16,"CHILDRESS COUNTY","Black or African American",41
"2018-2019",16,"CHILDRESS COUNTY","Hispanic/Latino",447
"2018-2019",16,"CHILDRESS COUNTY","Two or more races",25
"2018-2019",16,"CHILDRESS COUNTY","White",560
"2018-2019",09,"CLAY COUNTY","American Indian or Alaska Nat",17
"2018-2019",09,"CLAY COUNTY","Asian",6
"2018-2019",09,"CLAY COUNTY","Black or African American",6
"2018-2019",09,"CLAY COUNTY","Hispanic/Latino",164
"2018-2019",09,"CLAY COUNTY","Two or more races",46
"2018-2019",09,"CLAY COUNTY","White",1408
"2018-2019",17,"COCHRAN COUNTY","American Indian or Alaska Nat",3
"2018-2019",17,"COCHRAN COUNTY","Black or African American",7
"2018-2019",17,"COCHRAN COUNTY","Hispanic/Latino",531
"2018-2019",17,"COCHRAN COUNTY","Two or more races",10
"2018-2019",17,"COCHRAN COUNTY","White",156
"2018-2019",15,"COKE COUNTY","American Indian or Alaska Nat",3
"2018-2019",15,"COKE COUNTY","Asian",1
"2018-2019",15,"COKE COUNTY","Black or African American",4
"2018-2019",15,"COKE COUNTY","Hispanic/Latino",194
"2018-2019",15,"COKE COUNTY","Two or more races",5
"2018-2019",15,"COKE COUNTY","White",321
"2018-2019",15,"COLEMAN COUNTY","American Indian or Alaska Nat",7
"2018-2019",15,"COLEMAN COUNTY","Asian",10
"2018-2019",15,"COLEMAN COUNTY","Black or African American",27
"2018-2019",15,"COLEMAN COUNTY","Hispanic/Latino",325
"2018-2019",15,"COLEMAN COUNTY","Two or more races",40
"2018-2019",15,"COLEMAN COUNTY","White",874
"2018-2019",10,"COLLIN COUNTY","American Indian or Alaska Nat",1007
"2018-2019",10,"COLLIN COUNTY","Asian",40373
"2018-2019",10,"COLLIN COUNTY","Black or African American",25194
"2018-2019",10,"COLLIN COUNTY","Hispanic/Latino",44046
"2018-2019",10,"COLLIN COUNTY","Native Hawaiian/Other Pacific",279
"2018-2019",10,"COLLIN COUNTY","Two or more races",9063
"2018-2019",10,"COLLIN COUNTY","White",95598
"2018-2019",16,"COLLINGSWORTH COUNTY","Black or African American",20
"2018-2019",16,"COLLINGSWORTH COUNTY","Hispanic/Latino",290
"2018-2019",16,"COLLINGSWORTH COUNTY","Two or more races",10
"2018-2019",16,"COLLINGSWORTH COUNTY","White",266
"2018-2019",03,"COLORADO COUNTY","American Indian or Alaska Nat",4
"2018-2019",03,"COLORADO COUNTY","Asian",22
"2018-2019",03,"COLORADO COUNTY","Black or African American",477
"2018-2019",03,"COLORADO COUNTY","Hispanic/Latino",1807
"2018-2019",03,"COLORADO COUNTY","Native Hawaiian/Other Pacific",1
"2018-2019",03,"COLORADO COUNTY","Two or more races",69
"2018-2019",03,"COLORADO COUNTY","White",1229
"2018-2019",13,"COMAL COUNTY","American Indian or Alaska Nat",26
"2018-2019",13,"COMAL COUNTY","Asian",92
"2018-2019",13,"COMAL COUNTY","Black or African American",185
"2018-2019",13,"COMAL COUNTY","Hispanic/Latino",4336
"2018-2019",13,"COMAL COUNTY","Native Hawaiian/Other Pacific",5
"2018-2019",13,"COMAL COUNTY","Two or more races",225
"2018-2019",13,"COMAL COUNTY","White",4258
"2018-2019",20,"COMAL COUNTY","American Indian or Alaska Nat",56
"2018-2019",20,"COMAL COUNTY","Asian",317
"2018-2019",20,"COMAL COUNTY","Black or African American",632
"2018-2019",20,"COMAL COUNTY","Hispanic/Latino",9561
"2018-2019",20,"COMAL COUNTY","Native Hawaiian/Other Pacific",36
"2018-2019",20,"COMAL COUNTY","Two or more races",851
"2018-2019",20,"COMAL COUNTY","White",12930
"2018-2019",14,"COMANCHE COUNTY","American Indian or Alaska Nat",8
"2018-2019",14,"COMANCHE COUNTY","Asian",6
"2018-2019",14,"COMANCHE COUNTY","Black or African American",6
"2018-2019",14,"COMANCHE COUNTY","Hispanic/Latino",1071
"2018-2019",14,"COMANCHE COUNTY","Two or more races",35
"2018-2019",14,"COMANCHE COUNTY","White",1216
"2018-2019",15,"CONCHO COUNTY","American Indian or Alaska Nat",1
"2018-2019",15,"CONCHO COUNTY","Asian",5
"2018-2019",15,"CONCHO COUNTY","Black or African American",4
"2018-2019",15,"CONCHO COUNTY","Hispanic/Latino",253
"2018-2019",15,"CONCHO COUNTY","Two or more races",16
"2018-2019",15,"CONCHO COUNTY","White",182
"2018-2019",11,"COOKE COUNTY","American Indian or Alaska Nat",49
"2018-2019",11,"COOKE COUNTY","Asian",45
"2018-2019",11,"COOKE COUNTY","Black or African American",221
"2018-2019",11,"COOKE COUNTY","Hispanic/Latino",2360
"2018-2019",11,"COOKE COUNTY","Native Hawaiian/Other Pacific",2
"2018-2019",11,"COOKE COUNTY","Two or more races",203
"2018-2019",11,"COOKE COUNTY","White",3985
"2018-2019",12,"CORYELL COUNTY","American Indian or Alaska Nat",60
"2018-2019",12,"CORYELL COUNTY","Asian",142
"2018-2019",12,"CORYELL COUNTY","Black or African American",1550
"2018-2019",12,"CORYELL COUNTY","Hispanic/Latino",3016
"2018-2019",12,"CORYELL COUNTY","Native Hawaiian/Other Pacific",197
"2018-2019",12,"CORYELL COUNTY","Two or more races",989
"2018-2019",12,"CORYELL COUNTY","White",5792
"2018-2019",17,"COTTLE COUNTY","American Indian or Alaska Nat",2
"2018-2019",17,"COTTLE COUNTY","Black or African American",22
"2018-2019",17,"COTTLE COUNTY","Hispanic/Latino",85
"2018-2019",17,"COTTLE COUNTY","Two or more races",7
"2018-2019",17,"COTTLE COUNTY","White",88
"2018-2019",18,"CRANE COUNTY","American Indian or Alaska Nat",4
"2018-2019",18,"CRANE COUNTY","Asian",6
"2018-2019",18,"CRANE COUNTY","Black or African American",19
"2018-2019",18,"CRANE COUNTY","Hispanic/Latino",911
"2018-2019",18,"CRANE COUNTY","Two or more races",6
"2018-2019",18,"CRANE COUNTY","White",205
"2018-2019",15,"CROCKETT COUNTY","American Indian or Alaska Nat",7
"2018-2019",15,"CROCKETT COUNTY","Asian",3
"2018-2019",15,"CROCKETT COUNTY","Black or African American",3
"2018-2019",15,"CROCKETT COUNTY","Hispanic/Latino",589
"2018-2019",15,"CROCKETT COUNTY","Two or more races",4
"2018-2019",15,"CROCKETT COUNTY","White",171
"2018-2019",17,"CROSBY COUNTY","American Indian or Alaska Nat",1
"2018-2019",17,"CROSBY COUNTY","Asian",1
"2018-2019",17,"CROSBY COUNTY","Black or African American",31
"2018-2019",17,"CROSBY COUNTY","Hispanic/Latino",896
"2018-2019",17,"CROSBY COUNTY","Two or more races",4
"2018-2019",17,"CROSBY COUNTY","White",224
"2018-2019",18,"CULBERSON COUNTY","American Indian or Alaska Nat",3
"2018-2019",18,"CULBERSON COUNTY","Asian",8
"2018-2019",18,"CULBERSON COUNTY","Hispanic/Latino",320
"2018-2019",18,"CULBERSON COUNTY","Native Hawaiian/Other Pacific",1
"2018-2019",18,"CULBERSON COUNTY","Two or more races",8
"2018-2019",18,"CULBERSON COUNTY","White",38
"2018-2019",16,"DALLAM COUNTY","American Indian or Alaska Nat",7
"2018-2019",16,"DALLAM COUNTY","Asian",7
"2018-2019",16,"DALLAM COUNTY","Black or African American",22
"2018-2019",16,"DALLAM COUNTY","Hispanic/Latino",1156
"2018-2019",16,"DALLAM COUNTY","Two or more races",19
"2018-2019",16,"DALLAM COUNTY","White",706
"2018-2019",10,"DALLAS COUNTY","American Indian or Alaska Nat",3370
"2018-2019",10,"DALLAS COUNTY","Asian",27103
"2018-2019",10,"DALLAS COUNTY","Black or African American",120915
"2018-2019",10,"DALLAS COUNTY","Hispanic/Latino",288615
"2018-2019",10,"DALLAS COUNTY","Native Hawaiian/Other Pacific",453
"2018-2019",10,"DALLAS COUNTY","Two or more races",9571
"2018-2019",10,"DALLAS COUNTY","White",63550
"2018-2019",17,"DAWSON COUNTY","American Indian or Alaska Nat",9
"2018-2019",17,"DAWSON COUNTY","Asian",18
"2018-2019",17,"DAWSON COUNTY","Black or African American",74
"2018-2019",17,"DAWSON COUNTY","Hispanic/Latino",1821
"2018-2019",17,"DAWSON COUNTY","Two or more races",10
"2018-2019",17,"DAWSON COUNTY","White",576
"2018-2019",16,"DEAF SMITH COUNTY","American Indian or Alaska Nat",8
"2018-2019",16,"DEAF SMITH COUNTY","Asian",13
"2018-2019",16,"DEAF SMITH COUNTY","Black or African American",23
"2018-2019",16,"DEAF SMITH COUNTY","Hispanic/Latino",3773
"2018-2019",16,"DEAF SMITH COUNTY","Native Hawaiian/Other Pacific",2
"2018-2019",16,"DEAF SMITH COUNTY","Two or more races",10
"2018-2019",16,"DEAF SMITH COUNTY","White",426
"2018-2019",08,"DELTA COUNTY","American Indian or Alaska Nat",8
"2018-2019",08,"DELTA COUNTY","Asian",10
"2018-2019",08,"DELTA COUNTY","Black or African American",130
"2018-2019",08,"DELTA COUNTY","Hispanic/Latino",123
"2018-2019",08,"DELTA COUNTY","Native Hawaiian/Other Pacific",1
"2018-2019",08,"DELTA COUNTY","Two or more races",43
"2018-2019",08,"DELTA COUNTY","White",665
"2018-2019",10,"DENTON COUNTY","American Indian or Alaska Nat",9
"2018-2019",10,"DENTON COUNTY","Asian",381
"2018-2019",10,"DENTON COUNTY","Black or African American",120
"2018-2019",10,"DENTON COUNTY","Hispanic/Latino",300
"2018-2019",10,"DENTON COUNTY","Two or more races",40
"2018-2019",10,"DENTON COUNTY","White",392
"2018-2019",11,"DENTON COUNTY","American Indian or Alaska Nat",668
"2018-2019",11,"DENTON COUNTY","Asian",10340
"2018-2019",11,"DENTON COUNTY","Black or African American",15194
"2018-2019",11,"DENTON COUNTY","Hispanic/Latino",38174
"2018-2019",11,"DENTON COUNTY","Native Hawaiian/Other Pacific",216
"2018-2019",11,"DENTON COUNTY","Two or more races",3944
"2018-2019",11,"DENTON COUNTY","White",64197
"2018-2019",03,"DEWITT COUNTY","American Indian or Alaska Nat",3
"2018-2019",03,"DEWITT COUNTY","Asian",12
"2018-2019",03,"DEWITT COUNTY","Black or African American",360
"2018-2019",03,"DEWITT COUNTY","Hispanic/Latino",2412
"2018-2019",03,"DEWITT COUNTY","Native Hawaiian/Other Pacific",3
"2018-2019",03,"DEWITT COUNTY","Two or more races",75
"2018-2019",03,"DEWITT COUNTY","White",1654
"2018-2019",17,"DICKENS COUNTY","Asian",1
"2018-2019",17,"DICKENS COUNTY","Black or African American",10
"2018-2019",17,"DICKENS COUNTY","Hispanic/Latino",151
"2018-2019",17,"DICKENS COUNTY","Two or more races",7
"2018-2019",17,"DICKENS COUNTY","White",174
"2018-2019",20,"DIMMIT COUNTY","Asian",8
"2018-2019",20,"DIMMIT COUNTY","Black or African American",9
"2018-2019",20,"DIMMIT COUNTY","Hispanic/Latino",2074
"2018-2019",20,"DIMMIT COUNTY","Two or more races",11
"2018-2019",20,"DIMMIT COUNTY","White",117
"2018-2019",16,"DONLEY COUNTY","American Indian or Alaska Nat",1
"2018-2019",16,"DONLEY COUNTY","Asian",1
"2018-2019",16,"DONLEY COUNTY","Black or African American",50
"2018-2019",16,"DONLEY COUNTY","Hispanic/Latino",85
"2018-2019",16,"DONLEY COUNTY","Native Hawaiian/Other Pacific",2
"2018-2019",16,"DONLEY COUNTY","Two or more races",18
"2018-2019",16,"DONLEY COUNTY","White",416
"2018-2019",02,"DUVAL COUNTY","American Indian or Alaska Nat",1
"2018-2019",02,"DUVAL COUNTY","Asian",3
"2018-2019",02,"DUVAL COUNTY","Black or African American",3
"2018-2019",02,"DUVAL COUNTY","Hispanic/Latino",2538
"2018-2019",02,"DUVAL COUNTY","Two or more races",2
"2018-2019",02,"DUVAL COUNTY","White",98
"2018-2019",14,"EASTLAND COUNTY","American Indian or Alaska Nat",14
"2018-2019",14,"EASTLAND COUNTY","Asian",25
"2018-2019",14,"EASTLAND COUNTY","Black or African American",39
"2018-2019",14,"EASTLAND COUNTY","Hispanic/Latino",688
"2018-2019",14,"EASTLAND COUNTY","Two or more races",42
"2018-2019",14,"EASTLAND COUNTY","White",2027
"2018-2019",18,"ECTOR COUNTY","American Indian or Alaska Nat",98
"2018-2019",18,"ECTOR COUNTY","Asian",306
"2018-2019",18,"ECTOR COUNTY","Black or African American",1322
"2018-2019",18,"ECTOR COUNTY","Hispanic/Latino",26123
"2018-2019",18,"ECTOR COUNTY","Native Hawaiian/Other Pacific",95
"2018-2019",18,"ECTOR COUNTY","Two or more races",390
"2018-2019",18,"ECTOR COUNTY","White",6771
"2018-2019",15,"EDWARDS COUNTY","American Indian or Alaska Nat",1
"2018-2019",15,"EDWARDS COUNTY","Hispanic/Latino",353
"2018-2019",15,"EDWARDS COUNTY","Two or more races",7
"2018-2019",15,"EDWARDS COUNTY","White",225
"2018-2019",19,"EL PASO COUNTY","American Indian or Alaska Nat",311
"2018-2019",19,"EL PASO COUNTY","Asian",1157
"2018-2019",19,"EL PASO COUNTY","Black or African American",3901
"2018-2019",19,"EL PASO COUNTY","Hispanic/Latino",159148
"2018-2019",19,"EL PASO COUNTY","Native Hawaiian/Other Pacific",379
"2018-2019",19,"EL PASO COUNTY","Two or more races",1553
"2018-2019",19,"EL PASO COUNTY","White",9963
"2018-2019",10,"ELLIS COUNTY","American Indian or Alaska Nat",173
"2018-2019",10,"ELLIS COUNTY","Asian",245
"2018-2019",10,"ELLIS COUNTY","Black or African American",5084
"2018-2019",10,"ELLIS COUNTY","Hispanic/Latino",15359
"2018-2019",10,"ELLIS COUNTY","Native Hawaiian/Other Pacific",64
"2018-2019",10,"ELLIS COUNTY","Two or more races",1079
"2018-2019",10,"ELLIS COUNTY","White",17058
"2018-2019",11,"ERATH COUNTY","American Indian or Alaska Nat",48
"2018-2019",11,"ERATH COUNTY","Asian",99
"2018-2019",11,"ERATH COUNTY","Black or African American",620
"2018-2019",11,"ERATH COUNTY","Hispanic/Latino",5157
"2018-2019",11,"ERATH COUNTY","Native Hawaiian/Other Pacific",8
"2018-2019",11,"ERATH COUNTY","Two or more races",270
"2018-2019",11,"ERATH COUNTY","White",5388
"2018-2019",12,"FALLS COUNTY","American Indian or Alaska Nat",3
"2018-2019",12,"FALLS COUNTY","Asian",6
"2018-2019",12,"FALLS COUNTY","Black or African American",665
"2018-2019",12,"FALLS COUNTY","Hispanic/Latino",869
"2018-2019",12,"FALLS COUNTY","Native Hawaiian/Other Pacific",1
"2018-2019",12,"FALLS COUNTY","Two or more races",63
"2018-2019",12,"FALLS COUNTY","White",638
"2018-2019",10,"FANNIN COUNTY","American Indian or Alaska Nat",46
"2018-2019",10,"FANNIN COUNTY","Asian",24
"2018-2019",10,"FANNIN COUNTY","Black or African American",223
"2018-2019",10,"FANNIN COUNTY","Hispanic/Latino",1092
"2018-2019",10,"FANNIN COUNTY","Native Hawaiian/Other Pacific",4
"2018-2019",10,"FANNIN COUNTY","Two or more races",270
"2018-2019",10,"FANNIN COUNTY","White",3859
"2018-2019",13,"FAYETTE COUNTY","American Indian or Alaska Nat",11
"2018-2019",13,"FAYETTE COUNTY","Asian",13
"2018-2019",13,"FAYETTE COUNTY","Black or African American",327
"2018-2019",13,"FAYETTE COUNTY","Hispanic/Latino",1477
"2018-2019",13,"FAYETTE COUNTY","Two or more races",89
"2018-2019",13,"FAYETTE COUNTY","White",1851
"2018-2019",14,"FISHER COUNTY","American Indian or Alaska Nat",1
"2018-2019",14,"FISHER COUNTY","Black or African American",18
"2018-2019",14,"FISHER COUNTY","Hispanic/Latino",207
"2018-2019",14,"FISHER COUNTY","Two or more races",12
"2018-2019",14,"FISHER COUNTY","White",316
"2018-2019",17,"FLOYD COUNTY","Asian",1
"2018-2019",17,"FLOYD COUNTY","Black or African American",33
"2018-2019",17,"FLOYD COUNTY","Hispanic/Latino",946
"2018-2019",17,"FLOYD COUNTY","Native Hawaiian/Other Pacific",1
"2018-2019",17,"FLOYD COUNTY","Two or more races",10
"2018-2019",17,"FLOYD COUNTY","White",197
"2018-2019",09,"FOARD COUNTY","Asian",3
"2018-2019",09,"FOARD COUNTY","Black or African American",6
"2018-2019",09,"FOARD COUNTY","Hispanic/Latino",86
"2018-2019",09,"FOARD COUNTY","Two or more races",9
"2018-2019",09,"FOARD COUNTY","White",105
"2018-2019",04,"FORT BEND COUNTY","American Indian or Alaska Nat",385
"2018-2019",04,"FORT BEND COUNTY","Asian",22599
"2018-2019",04,"FORT BEND COUNTY","Black or African American",28890
"2018-2019",04,"FORT BEND COUNTY","Hispanic/Latino",37713
"2018-2019",04,"FORT BEND COUNTY","Native Hawaiian/Other Pacific",176
"2018-2019",04,"FORT BEND COUNTY","Two or more races",3626
"2018-2019",04,"FORT BEND COUNTY","White",23028
"2018-2019",08,"FRANKLIN COUNTY","American Indian or Alaska Nat",6
"2018-2019",08,"FRANKLIN COUNTY","Asian",16
"2018-2019",08,"FRANKLIN COUNTY","Black or African American",86
"2018-2019",08,"FRANKLIN COUNTY","Hispanic/Latino",399
"2018-2019",08,"FRANKLIN COUNTY","Native Hawaiian/Other Pacific",1
"2018-2019",08,"FRANKLIN COUNTY","Two or more races",56
"2018-2019",08,"FRANKLIN COUNTY","White",1057
"2018-2019",12,"FREESTONE COUNTY","American Indian or Alaska Nat",11
"2018-2019",12,"FREESTONE COUNTY","Asian",26
"2018-2019",12,"FREESTONE COUNTY","Black or African American",484
"2018-2019",12,"FREESTONE COUNTY","Hispanic/Latino",920
"2018-2019",12,"FREESTONE COUNTY","Native Hawaiian/Other Pacific",3
"2018-2019",12,"FREESTONE COUNTY","Two or more races",115
"2018-2019",12,"FREESTONE COUNTY","White",2073
"2018-2019",20,"FRIO COUNTY","American Indian or Alaska Nat",1
"2018-2019",20,"FRIO COUNTY","Asian",13
"2018-2019",20,"FRIO COUNTY","Black or African American",15
"2018-2019",20,"FRIO COUNTY","Hispanic/Latino",2910
"2018-2019",20,"FRIO COUNTY","Native Hawaiian/Other Pacific",1
"2018-2019",20,"FRIO COUNTY","Two or more races",6
"2018-2019",20,"FRIO COUNTY","White",193
"2018-2019",17,"GAINES COUNTY","American Indian or Alaska Nat",8
"2018-2019",17,"GAINES COUNTY","Asian",16
"2018-2019",17,"GAINES COUNTY","Black or African American",69
"2018-2019",17,"GAINES COUNTY","Hispanic/Latino",2001
"2018-2019",17,"GAINES COUNTY","Native Hawaiian/Other Pacific",4
"2018-2019",17,"GAINES COUNTY","Two or more races",23
"2018-2019",17,"GAINES COUNTY","White",1549
"2018-2019",04,"GALVESTON COUNTY","American Indian or Alaska Nat",329
"2018-2019",04,"GALVESTON COUNTY","Asian",4893
"2018-2019",04,"GALVESTON COUNTY","Black or African American",10865
"2018-2019",04,"GALVESTON COUNTY","Hispanic/Latino",28862
"2018-2019",04,"GALVESTON COUNTY","Native Hawaiian/Other Pacific",113
"2018-2019",04,"GALVESTON COUNTY","Two or more races",2976
"2018-2019",04,"GALVESTON COUNTY","White",34929
"2018-2019",05,"GALVESTON COUNTY","American Indian or Alaska Nat",5
"2018-2019",05,"GALVESTON COUNTY","Asian",2
"2018-2019",05,"GALVESTON COUNTY","Black or African American",1
"2018-2019",05,"GALVESTON COUNTY","Hispanic/Latino",12
"2018-2019",05,"GALVESTON COUNTY","Two or more races",6
"2018-2019",05,"GALVESTON COUNTY","White",116
"2018-2019",17,"GARZA COUNTY","American Indian or Alaska Nat",7
"2018-2019",17,"GARZA COUNTY","Asian",3
"2018-2019",17,"GARZA COUNTY","Black or African American",54
"2018-2019",17,"GARZA COUNTY","Hispanic/Latino",580
"2018-2019",17,"GARZA COUNTY","Two or more races",31
"2018-2019",17,"GARZA COUNTY","White",294
"2018-2019",13,"GILLESPIE COUNTY","American Indian or Alaska Nat",8
"2018-2019",13,"GILLESPIE COUNTY","Asian",22
"2018-2019",13,"GILLESPIE COUNTY","Black or African American",6
"2018-2019",13,"GILLESPIE COUNTY","Hispanic/Latino",1613
"2018-2019",13,"GILLESPIE COUNTY","Native Hawaiian/Other Pacific",4
"2018-2019",13,"GILLESPIE COUNTY","Two or more races",33
"2018-2019",13,"GILLESPIE COUNTY","White",2038
"2018-2019",18,"GLASSCOCK COUNTY","Hispanic/Latino",145
"2018-2019",18,"GLASSCOCK COUNTY","White",160
"2018-2019",03,"GOLIAD COUNTY","American Indian or Alaska Nat",6
"2018-2019",03,"GOLIAD COUNTY","Asian",4
"2018-2019",03,"GOLIAD COUNTY","Black or African American",68
"2018-2019",03,"GOLIAD COUNTY","Hispanic/Latino",627
"2018-2019",03,"GOLIAD COUNTY","Two or more races",25
"2018-2019",03,"GOLIAD COUNTY","White",600
"2018-2019",13,"GONZALES COUNTY","American Indian or Alaska Nat",3
"2018-2019",13,"GONZALES COUNTY","Asian",6
"2018-2019",13,"GONZALES COUNTY","Black or African American",271
"2018-2019",13,"GONZALES COUNTY","Hispanic/Latino",3006
"2018-2019",13,"GONZALES COUNTY","Native Hawaiian/Other Pacific",3
"2018-2019",13,"GONZALES COUNTY","Two or more races",20
"2018-2019",13,"GONZALES COUNTY","White",954
"2018-2019",16,"GRAY COUNTY","American Indian or Alaska Nat",12
"2018-2019",16,"GRAY COUNTY","Asian",20
"2018-2019",16,"GRAY COUNTY","Black or African American",115
"2018-2019",16,"GRAY COUNTY","Hispanic/Latino",1803
"2018-2019",16,"GRAY COUNTY","Two or more races",132
"2018-2019",16,"GRAY COUNTY","White",1908
"2018-2019",10,"GRAYSON COUNTY","American Indian or Alaska Nat",318
"2018-2019",10,"GRAYSON COUNTY","Asian",325
"2018-2019",10,"GRAYSON COUNTY","Black or African American",1581
"2018-2019",10,"GRAYSON COUNTY","Hispanic/Latino",5734
"2018-2019",10,"GRAYSON COUNTY","Native Hawaiian/Other Pacific",13
"2018-2019",10,"GRAYSON COUNTY","Two or more races",1272
"2018-2019",10,"GRAYSON COUNTY","White",14418
"2018-2019",07,"GREGG COUNTY","American Indian or Alaska Nat",119
"2018-2019",07,"GREGG COUNTY","Asian",266
"2018-2019",07,"GREGG COUNTY","Black or African American",5412
"2018-2019",07,"GREGG COUNTY","Hispanic/Latino",7550
"2018-2019",07,"GREGG COUNTY","Native Hawaiian/Other Pacific",28
"2018-2019",07,"GREGG COUNTY","Two or more races",1076
"2018-2019",07,"GREGG COUNTY","White",9710
"2018-2019",06,"GRIMES COUNTY","American Indian or Alaska Nat",25
"2018-2019",06,"GRIMES COUNTY","Asian",16
"2018-2019",06,"GRIMES COUNTY","Black or African American",704
"2018-2019",06,"GRIMES COUNTY","Hispanic/Latino",1697
"2018-2019",06,"GRIMES COUNTY","Native Hawaiian/Other Pacific",1
"2018-2019",06,"GRIMES COUNTY","Two or more races",69
"2018-2019",06,"GRIMES COUNTY","White",2116
"2018-2019",13,"GUADALUPE COUNTY","American Indian or Alaska Nat",3
"2018-2019",13,"GUADALUPE COUNTY","Asian",15
"2018-2019",13,"GUADALUPE COUNTY","Black or African American",29
"2018-2019",13,"GUADALUPE COUNTY","Hispanic/Latino",797
"2018-2019",13,"GUADALUPE COUNTY","Native Hawaiian/Other Pacific",3
"2018-2019",13,"GUADALUPE COUNTY","Two or more races",32
"2018-2019",13,"GUADALUPE COUNTY","White",1064
"2018-2019",20,"GUADALUPE COUNTY","American Indian or Alaska Nat",65
"2018-2019",20,"GUADALUPE COUNTY","Asian",328
"2018-2019",20,"GUADALUPE COUNTY","Black or African American",2183
"2018-2019",20,"GUADALUPE COUNTY","Hispanic/Latino",12430
"2018-2019",20,"GUADALUPE COUNTY","Native Hawaiian/Other Pacific",59
"2018-2019",20,"GUADALUPE COUNTY","Two or more races",1169
"2018-2019",20,"GUADALUPE COUNTY","White",8436
"2018-2019",17,"HALE COUNTY","American Indian or Alaska Nat",22
"2018-2019",17,"HALE COUNTY","Asian",21
"2018-2019",17,"HALE COUNTY","Black or African American",245
"2018-2019",17,"HALE COUNTY","Hispanic/Latino",5370
"2018-2019",17,"HALE COUNTY","Native Hawaiian/Other Pacific",5
"2018-2019",17,"HALE COUNTY","Two or more races",103
"2018-2019",17,"HALE COUNTY","White",1454
"2018-2019",16,"HALL COUNTY","American Indian or Alaska Nat",1
"2018-2019",16,"HALL COUNTY","Asian",1
"2018-2019",16,"HALL COUNTY","Black or African American",39
"2018-2019",16,"HALL COUNTY","Hispanic/Latino",374
"2018-2019",16,"HALL COUNTY","Two or more races",7
"2018-2019",16,"HALL COUNTY","White",287
"2018-2019",12,"HAMILTON COUNTY","Asian",3
"2018-2019",12,"HAMILTON COUNTY","Black or African American",9
"2018-2019",12,"HAMILTON COUNTY","Hispanic/Latino",301
"2018-2019",12,"HAMILTON COUNTY","Two or more races",19
"2018-2019",12,"HAMILTON COUNTY","White",1105
"2018-2019",16,"HANSFORD COUNTY","American Indian or Alaska Nat",7
"2018-2019",16,"HANSFORD COUNTY","Asian",6
"2018-2019",16,"HANSFORD COUNTY","Hispanic/Latino",883
"2018-2019",16,"HANSFORD COUNTY","Two or more races",7
"2018-2019",16,"HANSFORD COUNTY","White",540
"2018-2019",09,"HARDEMAN COUNTY","American Indian or Alaska Nat",2
"2018-2019",09,"HARDEMAN COUNTY","Asian",5
"2018-2019",09,"HARDEMAN COUNTY","Black or African American",15
"2018-2019",09,"HARDEMAN COUNTY","Hispanic/Latino",243
"2018-2019",09,"HARDEMAN COUNTY","Native Hawaiian/Other Pacific",1
"2018-2019",09,"HARDEMAN COUNTY","Two or more races",34
"2018-2019",09,"HARDEMAN COUNTY","White",400
"2018-2019",05,"HARDIN COUNTY","American Indian or Alaska Nat",52
"2018-2019",05,"HARDIN COUNTY","Asian",72
"2018-2019",05,"HARDIN COUNTY","Black or African American",948
"2018-2019",05,"HARDIN COUNTY","Hispanic/Latino",927
"2018-2019",05,"HARDIN COUNTY","Native Hawaiian/Other Pacific",6
"2018-2019",05,"HARDIN COUNTY","Two or more races",330
"2018-2019",05,"HARDIN COUNTY","White",8705
"2018-2019",04,"HARRIS COUNTY","American Indian or Alaska Nat",4020
"2018-2019",04,"HARRIS COUNTY","Asian",53491
"2018-2019",04,"HARRIS COUNTY","Black or African American",167542
"2018-2019",04,"HARRIS COUNTY","Hispanic/Latino",497762
"2018-2019",04,"HARRIS COUNTY","Native Hawaiian/Other Pacific",1156
"2018-2019",04,"HARRIS COUNTY","Two or more races",15468
"2018-2019",04,"HARRIS COUNTY","White",156316
"2018-2019",07,"HARRISON COUNTY","American Indian or Alaska Nat",59
"2018-2019",07,"HARRISON COUNTY","Asian",156
"2018-2019",07,"HARRISON COUNTY","Black or African American",3260
"2018-2019",07,"HARRISON COUNTY","Hispanic/Latino",4770
"2018-2019",07,"HARRISON COUNTY","Native Hawaiian/Other Pacific",7
"2018-2019",07,"HARRISON COUNTY","Two or more races",760
"2018-2019",07,"HARRISON COUNTY","White",8476
"2018-2019",16,"HARTLEY COUNTY","Black or African American",2
"2018-2019",16,"HARTLEY COUNTY","Hispanic/Latino",193
"2018-2019",16,"HARTLEY COUNTY","Two or more races",8
"2018-2019",16,"HARTLEY COUNTY","White",202
"2018-2019",14,"HASKELL COUNTY","American Indian or Alaska Nat",8
"2018-2019",14,"HASKELL COUNTY","Asian",3
"2018-2019",14,"HASKELL COUNTY","Black or African American",20
"2018-2019",14,"HASKELL COUNTY","Hispanic/Latino",351
"2018-2019",14,"HASKELL COUNTY","Two or more races",22
"2018-2019",14,"HASKELL COUNTY","White",402
"2018-2019",13,"HAYS COUNTY","American Indian or Alaska Nat",89
"2018-2019",13,"HAYS COUNTY","Asian",419
"2018-2019",13,"HAYS COUNTY","Black or African American",1129
"2018-2019",13,"HAYS COUNTY","Hispanic/Latino",20929
"2018-2019",13,"HAYS COUNTY","Native Hawaiian/Other Pacific",32
"2018-2019",13,"HAYS COUNTY","Two or more races",903
"2018-2019",13,"HAYS COUNTY","White",14467
"2018-2019",16,"HEMPHILL COUNTY","American Indian or Alaska Nat",4
"2018-2019",16,"HEMPHILL COUNTY","Asian",3
"2018-2019",16,"HEMPHILL COUNTY","Hispanic/Latino",417
"2018-2019",16,"HEMPHILL COUNTY","Two or more races",5
"2018-2019",16,"HEMPHILL COUNTY","White",477
"2018-2019",07,"HENDERSON COUNTY","American Indian or Alaska Nat",23
"2018-2019",07,"HENDERSON COUNTY","Asian",16
"2018-2019",07,"HENDERSON COUNTY","Black or African American",436
"2018-2019",07,"HENDERSON COUNTY","Hispanic/Latino",1036
"2018-2019",07,"HENDERSON COUNTY","Native Hawaiian/Other Pacific",11
"2018-2019",07,"HENDERSON COUNTY","Two or more races",198
"2018-2019",07,"HENDERSON COUNTY","White",5358
"2018-2019",10,"HENDERSON COUNTY","American Indian or Alaska Nat",4
"2018-2019",10,"HENDERSON COUNTY","Asian",20
"2018-2019",10,"HENDERSON COUNTY","Black or African American",374
"2018-2019",10,"HENDERSON COUNTY","Hispanic/Latino",1484
"2018-2019",10,"HENDERSON COUNTY","Two or more races",127
"2018-2019",10,"HENDERSON COUNTY","White",1002
"2018-2019",01,"HIDALGO COUNTY","American Indian or Alaska Nat",112
"2018-2019",01,"HIDALGO COUNTY","Asian",1113
"2018-2019",01,"HIDALGO COUNTY","Black or African American",2058
"2018-2019",01,"HIDALGO COUNTY","Hispanic/Latino",237119
"2018-2019",01,"HIDALGO COUNTY","Native Hawaiian/Other Pacific",43
"2018-2019",01,"HIDALGO COUNTY","Two or more races",467
"2018-2019",01,"HIDALGO COUNTY","White",4432
"2018-2019",12,"HILL COUNTY","American Indian or Alaska Nat",16
"2018-2019",12,"HILL COUNTY","Asian",23
"2018-2019",12,"HILL COUNTY","Black or African American",473
"2018-2019",12,"HILL COUNTY","Hispanic/Latino",2355
"2018-2019",12,"HILL COUNTY","Native Hawaiian/Other Pacific",2
"2018-2019",12,"HILL COUNTY","Two or more races",222
"2018-2019",12,"HILL COUNTY","White",3572
"2018-2019",17,"HOCKLEY COUNTY","American Indian or Alaska Nat",7
"2018-2019",17,"HOCKLEY COUNTY","Asian",12
"2018-2019",17,"HOCKLEY COUNTY","Black or African American",134
"2018-2019",17,"HOCKLEY COUNTY","Hispanic/Latino",3050
"2018-2019",17,"HOCKLEY COUNTY","Native Hawaiian/Other Pacific",1
"2018-2019",17,"HOCKLEY COUNTY","Two or more races",48
"2018-2019",17,"HOCKLEY COUNTY","White",1568
"2018-2019",11,"HOOD COUNTY","American Indian or Alaska Nat",42
"2018-2019",11,"HOOD COUNTY","Asian",65
"2018-2019",11,"HOOD COUNTY","Black or African American",139
"2018-2019",11,"HOOD COUNTY","Hispanic/Latino",1928
"2018-2019",11,"HOOD COUNTY","Native Hawaiian/Other Pacific",21
"2018-2019",11,"HOOD COUNTY","Two or more races",187
"2018-2019",11,"HOOD COUNTY","White",6274
"2018-2019",08,"HOPKINS COUNTY","American Indian or Alaska Nat",28
"2018-2019",08,"HOPKINS COUNTY","Asian",47
"2018-2019",08,"HOPKINS COUNTY","Black or African American",517
"2018-2019",08,"HOPKINS COUNTY","Hispanic/Latino",1872
"2018-2019",08,"HOPKINS COUNTY","Native Hawaiian/Other Pacific",10
"2018-2019",08,"HOPKINS COUNTY","Two or more races",261
"2018-2019",08,"HOPKINS COUNTY","White",4120
"2018-2019",06,"HOUSTON COUNTY","American Indian or Alaska Nat",6
"2018-2019",06,"HOUSTON COUNTY","Asian",21
"2018-2019",06,"HOUSTON COUNTY","Black or African American",869
"2018-2019",06,"HOUSTON COUNTY","Hispanic/Latino",629
"2018-2019",06,"HOUSTON COUNTY","Native Hawaiian/Other Pacific",2
"2018-2019",06,"HOUSTON COUNTY","Two or more races",93
"2018-2019",06,"HOUSTON COUNTY","White",1534
"2018-2019",18,"HOWARD COUNTY","American Indian or Alaska Nat",14
"2018-2019",18,"HOWARD COUNTY","Asian",47
"2018-2019",18,"HOWARD COUNTY","Black or African American",246
"2018-2019",18,"HOWARD COUNTY","Hispanic/Latino",3316
"2018-2019",18,"HOWARD COUNTY","Native Hawaiian/Other Pacific",3
"2018-2019",18,"HOWARD COUNTY","Two or more races",151
"2018-2019",18,"HOWARD COUNTY","White",2140
"2018-2019",19,"HUDSPETH COUNTY","American Indian or Alaska Nat",1
"2018-2019",19,"HUDSPETH COUNTY","Asian",3
"2018-2019",19,"HUDSPETH COUNTY","Black or African American",2
"2018-2019",19,"HUDSPETH COUNTY","Hispanic/Latino",508
"2018-2019",19,"HUDSPETH COUNTY","Two or more races",5
"2018-2019",19,"HUDSPETH COUNTY","White",63
"2018-2019",10,"HUNT COUNTY","American Indian or Alaska Nat",86
"2018-2019",10,"HUNT COUNTY","Asian",106
"2018-2019",10,"HUNT COUNTY","Black or African American",1375
"2018-2019",10,"HUNT COUNTY","Hispanic/Latino",4672
"2018-2019",10,"HUNT COUNTY","Native Hawaiian/Other Pacific",39
"2018-2019",10,"HUNT COUNTY","Two or more races",554
"2018-2019",10,"HUNT COUNTY","White",8483
"2018-2019",16,"HUTCHINSON COUNTY","American Indian or Alaska Nat",35
"2018-2019",16,"HUTCHINSON COUNTY","Asian",21
"2018-2019",16,"HUTCHINSON COUNTY","Black or African American",71
"2018-2019",16,"HUTCHINSON COUNTY","Hispanic/Latino",1469
"2018-2019",16,"HUTCHINSON COUNTY","Native Hawaiian/Other Pacific",1
"2018-2019",16,"HUTCHINSON COUNTY","Two or more races",159
"2018-2019",16,"HUTCHINSON COUNTY","White",2473
"2018-2019",15,"IRION COUNTY","Asian",1
"2018-2019",15,"IRION COUNTY","Black or African American",1
"2018-2019",15,"IRION COUNTY","Hispanic/Latino",86
"2018-2019",15,"IRION COUNTY","Two or more races",5
"2018-2019",15,"IRION COUNTY","White",173
"2018-2019",09,"JACK COUNTY","American Indian or Alaska Nat",9
"2018-2019",09,"JACK COUNTY","Asian",11
"2018-2019",09,"JACK COUNTY","Black or African American",7
"2018-2019",09,"JACK COUNTY","Hispanic/Latino",424
"2018-2019",09,"JACK COUNTY","Two or more races",39
"2018-2019",09,"JACK COUNTY","White",1154
"2018-2019",03,"JACKSON COUNTY","American Indian or Alaska Nat",5
"2018-2019",03,"JACKSON COUNTY","Asian",35
"2018-2019",03,"JACKSON COUNTY","Black or African American",242
"2018-2019",03,"JACKSON COUNTY","Hispanic/Latino",1466
"2018-2019",03,"JACKSON COUNTY","Two or more races",51
"2018-2019",03,"JACKSON COUNTY","White",1704
"2018-2019",05,"JASPER COUNTY","American Indian or Alaska Nat",18
"2018-2019",05,"JASPER COUNTY","Asian",17
"2018-2019",05,"JASPER COUNTY","Black or African American",1168
"2018-2019",05,"JASPER COUNTY","Hispanic/Latino",658
"2018-2019",05,"JASPER COUNTY","Native Hawaiian/Other Pacific",4
"2018-2019",05,"JASPER COUNTY","Two or more races",218
"2018-2019",05,"JASPER COUNTY","White",4205
"2018-2019",18,"JEFF DAVIS COUNTY","Asian",1
"2018-2019",18,"JEFF DAVIS COUNTY","Hispanic/Latino",165
"2018-2019",18,"JEFF DAVIS COUNTY","Two or more races",3
"2018-2019",18,"JEFF DAVIS COUNTY","White",97
"2018-2019",05,"JEFFERSON COUNTY","American Indian or Alaska Nat",316
"2018-2019",05,"JEFFERSON COUNTY","Asian",1497
"2018-2019",05,"JEFFERSON COUNTY","Black or African American",16091
"2018-2019",05,"JEFFERSON COUNTY","Hispanic/Latino",13497
"2018-2019",05,"JEFFERSON COUNTY","Native Hawaiian/Other Pacific",27
"2018-2019",05,"JEFFERSON COUNTY","Two or more races",753
"2018-2019",05,"JEFFERSON COUNTY","White",9601
"2018-2019",01,"JIM HOGG COUNTY","American Indian or Alaska Nat",1
"2018-2019",01,"JIM HOGG COUNTY","Asian",2
"2018-2019",01,"JIM HOGG COUNTY","Black or African American",3
"2018-2019",01,"JIM HOGG COUNTY","Hispanic/Latino",1124
"2018-2019",01,"JIM HOGG COUNTY","White",26
"2018-2019",02,"JIM WELLS COUNTY","American Indian or Alaska Nat",3
"2018-2019",02,"JIM WELLS COUNTY","Asian",28
"2018-2019",02,"JIM WELLS COUNTY","Black or African American",38
"2018-2019",02,"JIM WELLS COUNTY","Hispanic/Latino",6864
"2018-2019",02,"JIM WELLS COUNTY","Two or more races",16
"2018-2019",02,"JIM WELLS COUNTY","White",1066
"2018-2019",11,"JOHNSON COUNTY","American Indian or Alaska Nat",221
"2018-2019",11,"JOHNSON COUNTY","Asian",259
"2018-2019",11,"JOHNSON COUNTY","Black or African American",1433
"2018-2019",11,"JOHNSON COUNTY","Hispanic/Latino",11436
"2018-2019",11,"JOHNSON COUNTY","Native Hawaiian/Other Pacific",336
"2018-2019",11,"JOHNSON COUNTY","Two or more races",1122
"2018-2019",11,"JOHNSON COUNTY","White",21136
"2018-2019",14,"JONES COUNTY","American Indian or Alaska Nat",7
"2018-2019",14,"JONES COUNTY","Asian",11
"2018-2019",14,"JONES COUNTY","Black or African American",92
"2018-2019",14,"JONES COUNTY","Hispanic/Latino",1041
"2018-2019",14,"JONES COUNTY","Native Hawaiian/Other Pacific",3
"2018-2019",14,"JONES COUNTY","Two or more races",82
"2018-2019",14,"JONES COUNTY","White",1446
"2018-2019",03,"KARNES COUNTY","American Indian or Alaska Nat",2
"2018-2019",03,"KARNES COUNTY","Asian",4
"2018-2019",03,"KARNES COUNTY","Black or African American",40
"2018-2019",03,"KARNES COUNTY","Hispanic/Latino",1687
"2018-2019",03,"KARNES COUNTY","Native Hawaiian/Other Pacific",1
"2018-2019",03,"KARNES COUNTY","Two or more races",14
"2018-2019",03,"KARNES COUNTY","White",368
"2018-2019",20,"KARNES COUNTY","Asian",1
"2018-2019",20,"KARNES COUNTY","Hispanic/Latino",83
"2018-2019",20,"KARNES COUNTY","Two or more races",4
"2018-2019",20,"KARNES COUNTY","White",275
"2018-2019",10,"KAUFMAN COUNTY","American Indian or Alaska Nat",132
"2018-2019",10,"KAUFMAN COUNTY","Asian",337
"2018-2019",10,"KAUFMAN COUNTY","Black or African American",4255
"2018-2019",10,"KAUFMAN COUNTY","Hispanic/Latino",9924
"2018-2019",10,"KAUFMAN COUNTY","Native Hawaiian/Other Pacific",33
"2018-2019",10,"KAUFMAN COUNTY","Two or more races",981
"2018-2019",10,"KAUFMAN COUNTY","White",14930
"2018-2019",13,"KENDALL COUNTY","American Indian or Alaska Nat",6
"2018-2019",13,"KENDALL COUNTY","Asian",3
"2018-2019",13,"KENDALL COUNTY","Black or African American",1
"2018-2019",13,"KENDALL COUNTY","Hispanic/Latino",620
"2018-2019",13,"KENDALL COUNTY","Two or more races",15
"2018-2019",13,"KENDALL COUNTY","White",457
"2018-2019",20,"KENDALL COUNTY","American Indian or Alaska Nat",28
"2018-2019",20,"KENDALL COUNTY","Asian",117
"2018-2019",20,"KENDALL COUNTY","Black or African American",92
"2018-2019",20,"KENDALL COUNTY","Hispanic/Latino",2911
"2018-2019",20,"KENDALL COUNTY","Native Hawaiian/Other Pacific",9
"2018-2019",20,"KENDALL COUNTY","Two or more races",242
"2018-2019",20,"KENDALL COUNTY","White",5894
"2018-2019",02,"KENEDY COUNTY","Black or African American",4
"2018-2019",02,"KENEDY COUNTY","Hispanic/Latino",50
"2018-2019",02,"KENEDY COUNTY","Two or more races",2
"2018-2019",02,"KENEDY COUNTY","White",8
"2018-2019",17,"KENT COUNTY","Hispanic/Latino",32
"2018-2019",17,"KENT COUNTY","Two or more races",3
"2018-2019",17,"KENT COUNTY","White",117
"2018-2019",20,"KERR COUNTY","American Indian or Alaska Nat",15
"2018-2019",20,"KERR COUNTY","Asian",77
"2018-2019",20,"KERR COUNTY","Black or African American",107
"2018-2019",20,"KERR COUNTY","Hispanic/Latino",3184
"2018-2019",20,"KERR COUNTY","Native Hawaiian/Other Pacific",8
"2018-2019",20,"KERR COUNTY","Two or more races",118
"2018-2019",20,"KERR COUNTY","White",3410
"2018-2019",15,"KIMBLE COUNTY","Asian",2
"2018-2019",15,"KIMBLE COUNTY","Hispanic/Latino",233
"2018-2019",15,"KIMBLE COUNTY","Two or more races",6
"2018-2019",15,"KIMBLE COUNTY","White",364
"2018-2019",17,"KING COUNTY","Hispanic/Latino",8
"2018-2019",17,"KING COUNTY","White",98
"2018-2019",20,"KINNEY COUNTY","American Indian or Alaska Nat",1
"2018-2019",20,"KINNEY COUNTY","Asian",2
"2018-2019",20,"KINNEY COUNTY","Black or African American",2
"2018-2019",20,"KINNEY COUNTY","Hispanic/Latino",386
"2018-2019",20,"KINNEY COUNTY","Two or more races",6
"2018-2019",20,"KINNEY COUNTY","White",163
"2018-2019",02,"KLEBERG COUNTY","American Indian or Alaska Nat",6
"2018-2019",02,"KLEBERG COUNTY","Asian",53
"2018-2019",02,"KLEBERG COUNTY","Black or African American",138
"2018-2019",02,"KLEBERG COUNTY","Hispanic/Latino",4327
"2018-2019",02,"KLEBERG COUNTY","Native Hawaiian/Other Pacific",2
"2018-2019",02,"KLEBERG COUNTY","Two or more races",25
"2018-2019",02,"KLEBERG COUNTY","White",702
"2018-2019",09,"KNOX COUNTY","American Indian or Alaska Nat",1
"2018-2019",09,"KNOX COUNTY","Asian",6
"2018-2019",09,"KNOX COUNTY","Black or African American",33
"2018-2019",09,"KNOX COUNTY","Hispanic/Latino",383
"2018-2019",09,"KNOX COUNTY","Two or more races",25
"2018-2019",09,"KNOX COUNTY","White",331
"2018-2019",20,"LA SALLE COUNTY","American Indian or Alaska Nat",1
"2018-2019",20,"LA SALLE COUNTY","Asian",5
"2018-2019",20,"LA SALLE COUNTY","Black or African American",1
"2018-2019",20,"LA SALLE COUNTY","Hispanic/Latino",1275
"2018-2019",20,"LA SALLE COUNTY","Two or more races",4
"2018-2019",20,"LA SALLE COUNTY","White",61
"2018-2019",08,"LAMAR COUNTY","American Indian or Alaska Nat",115
"2018-2019",08,"LAMAR COUNTY","Asian",56
"2018-2019",08,"LAMAR COUNTY","Black or African American",1359
"2018-2019",08,"LAMAR COUNTY","Hispanic/Latino",1351
"2018-2019",08,"LAMAR COUNTY","Native Hawaiian/Other Pacific",4
"2018-2019",08,"LAMAR COUNTY","Two or more races",440
"2018-2019",08,"LAMAR COUNTY","White",5171
"2018-2019",17,"LAMB COUNTY","American Indian or Alaska Nat",4
"2018-2019",17,"LAMB COUNTY","Asian",4
"2018-2019",17,"LAMB COUNTY","Black or African American",102
"2018-2019",17,"LAMB COUNTY","Hispanic/Latino",2073
"2018-2019",17,"LAMB COUNTY","Native Hawaiian/Other Pacific",1
"2018-2019",17,"LAMB COUNTY","Two or more races",22
"2018-2019",17,"LAMB COUNTY","White",708
"2018-2019",12,"LAMPASAS COUNTY","American Indian or Alaska Nat",25
"2018-2019",12,"LAMPASAS COUNTY","Asian",30
"2018-2019",12,"LAMPASAS COUNTY","Black or African American",85
"2018-2019",12,"LAMPASAS COUNTY","Hispanic/Latino",1053
"2018-2019",12,"LAMPASAS COUNTY","Native Hawaiian/Other Pacific",29
"2018-2019",12,"LAMPASAS COUNTY","Two or more races",166
"2018-2019",12,"LAMPASAS COUNTY","White",2259
"2018-2019",03,"LAVACA COUNTY","American Indian or Alaska Nat",9
"2018-2019",03,"LAVACA COUNTY","Asian",10
"2018-2019",03,"LAVACA COUNTY","Black or African American",164
"2018-2019",03,"LAVACA COUNTY","Hispanic/Latino",519
"2018-2019",03,"LAVACA COUNTY","Two or more races",67
"2018-2019",03,"LAVACA COUNTY","White",1668
"2018-2019",13,"LEE COUNTY","American Indian or Alaska Nat",7
"2018-2019",13,"LEE COUNTY","Asian",14
"2018-2019",13,"LEE COUNTY","Black or African American",278
"2018-2019",13,"LEE COUNTY","Hispanic/Latino",1296
"2018-2019",13,"LEE COUNTY","Native Hawaiian/Other Pacific",3
"2018-2019",13,"LEE COUNTY","Two or more races",101
"2018-2019",13,"LEE COUNTY","White",1351
"2018-2019",06,"LEON COUNTY","American Indian or Alaska Nat",8
"2018-2019",06,"LEON COUNTY","Asian",35
"2018-2019",06,"LEON COUNTY","Black or African American",190
"2018-2019",06,"LEON COUNTY","Hispanic/Latino",808
"2018-2019",06,"LEON COUNTY","Native Hawaiian/Other Pacific",1
"2018-2019",06,"LEON COUNTY","Two or more races",71
"2018-2019",06,"LEON COUNTY","White",2038
"2018-2019",04,"LIBERTY COUNTY","American Indian or Alaska Nat",102
"2018-2019",04,"LIBERTY COUNTY","Asian",48
"2018-2019",04,"LIBERTY COUNTY","Black or African American",815
"2018-2019",04,"LIBERTY COUNTY","Hispanic/Latino",7643
"2018-2019",04,"LIBERTY COUNTY","Native Hawaiian/Other Pacific",14
"2018-2019",04,"LIBERTY COUNTY","Two or more races",277
"2018-2019",04,"LIBERTY COUNTY","White",6519
"2018-2019",05,"LIBERTY COUNTY","American Indian or Alaska Nat",5
"2018-2019",05,"LIBERTY COUNTY","Asian",17
"2018-2019",05,"LIBERTY COUNTY","Black or African American",384
"2018-2019",05,"LIBERTY COUNTY","Hispanic/Latino",923
"2018-2019",05,"LIBERTY COUNTY","Two or more races",103
"2018-2019",05,"LIBERTY COUNTY","White",1274
"2018-2019",12,"LIMESTONE COUNTY","American Indian or Alaska Nat",10
"2018-2019",12,"LIMESTONE COUNTY","Asian",32
"2018-2019",12,"LIMESTONE COUNTY","Black or African American",729
"2018-2019",12,"LIMESTONE COUNTY","Hispanic/Latino",1497
"2018-2019",12,"LIMESTONE COUNTY","Two or more races",137
"2018-2019",12,"LIMESTONE COUNTY","White",1483
"2018-2019",16,"LIPSCOMB COUNTY","American Indian or Alaska Nat",8
"2018-2019",16,"LIPSCOMB COUNTY","Black or African American",2
"2018-2019",16,"LIPSCOMB COUNTY","Hispanic/Latino",415
"2018-2019",16,"LIPSCOMB COUNTY","Two or more races",12
"2018-2019",16,"LIPSCOMB COUNTY","White",314
"2018-2019",02,"LIVE OAK COUNTY","American Indian or Alaska Nat",4
"2018-2019",02,"LIVE OAK COUNTY","Asian",2
"2018-2019",02,"LIVE OAK COUNTY","Black or African American",9
"2018-2019",02,"LIVE OAK COUNTY","Hispanic/Latino",1003
"2018-2019",02,"LIVE OAK COUNTY","Native Hawaiian/Other Pacific",1
"2018-2019",02,"LIVE OAK COUNTY","Two or more races",27
"2018-2019",02,"LIVE OAK COUNTY","White",661
"2018-2019",13,"LLANO COUNTY","American Indian or Alaska Nat",5
"2018-2019",13,"LLANO COUNTY","Asian",14
"2018-2019",13,"LLANO COUNTY","Black or African American",14
"2018-2019",13,"LLANO COUNTY","Hispanic/Latino",463
"2018-2019",13,"LLANO COUNTY","Two or more races",41
"2018-2019",13,"LLANO COUNTY","White",1243
"2018-2019",17,"LUBBOCK COUNTY","American Indian or Alaska Nat",160
"2018-2019",17,"LUBBOCK COUNTY","Asian",947
"2018-2019",17,"LUBBOCK COUNTY","Black or African American",4714
"2018-2019",17,"LUBBOCK COUNTY","Hispanic/Latino",26263
"2018-2019",17,"LUBBOCK COUNTY","Native Hawaiian/Other Pacific",34
"2018-2019",17,"LUBBOCK COUNTY","Two or more races",1123
"2018-2019",17,"LUBBOCK COUNTY","White",17464
"2018-2019",17,"LYNN COUNTY","American Indian or Alaska Nat",3
"2018-2019",17,"LYNN COUNTY","Asian",3
"2018-2019",17,"LYNN COUNTY","Black or African American",16
"2018-2019",17,"LYNN COUNTY","Hispanic/Latino",792
"2018-2019",17,"LYNN COUNTY","Two or more races",17
"2018-2019",17,"LYNN COUNTY","White",680
"2018-2019",06,"MADISON COUNTY","American Indian or Alaska Nat",1
"2018-2019",06,"MADISON COUNTY","Asian",20
"2018-2019",06,"MADISON COUNTY","Black or African American",445
"2018-2019",06,"MADISON COUNTY","Hispanic/Latino",903
"2018-2019",06,"MADISON COUNTY","Two or more races",91
"2018-2019",06,"MADISON COUNTY","White",1278
"2018-2019",08,"MARION COUNTY","American Indian or Alaska Nat",6
"2018-2019",08,"MARION COUNTY","Asian",9
"2018-2019",08,"MARION COUNTY","Black or African American",411
"2018-2019",08,"MARION COUNTY","Hispanic/Latino",72
"2018-2019",08,"MARION COUNTY","Native Hawaiian/Other Pacific",3
"2018-2019",08,"MARION COUNTY","Two or more races",51
"2018-2019",08,"MARION COUNTY","White",772
"2018-2019",18,"MARTIN COUNTY","American Indian or Alaska Nat",1
"2018-2019",18,"MARTIN COUNTY","Asian",4
"2018-2019",18,"MARTIN COUNTY","Black or African American",8
"2018-2019",18,"MARTIN COUNTY","Hispanic/Latino",835
"2018-2019",18,"MARTIN COUNTY","Two or more races",7
"2018-2019",18,"MARTIN COUNTY","White",498
"2018-2019",15,"MASON COUNTY","Asian",6
"2018-2019",15,"MASON COUNTY","Black or African American",1
"2018-2019",15,"MASON COUNTY","Hispanic/Latino",245
"2018-2019",15,"MASON COUNTY","Two or more races",2
"2018-2019",15,"MASON COUNTY","White",461
"2018-2019",03,"MATAGORDA COUNTY","American Indian or Alaska Nat",11
"2018-2019",03,"MATAGORDA COUNTY","Asian",122
"2018-2019",03,"MATAGORDA COUNTY","Black or African American",717
"2018-2019",03,"MATAGORDA COUNTY","Hispanic/Latino",4188
"2018-2019",03,"MATAGORDA COUNTY","Native Hawaiian/Other Pacific",1
"2018-2019",03,"MATAGORDA COUNTY","Two or more races",158
"2018-2019",03,"MATAGORDA COUNTY","White",2058
"2018-2019",20,"MAVERICK COUNTY","American Indian or Alaska Nat",240
"2018-2019",20,"MAVERICK COUNTY","Asian",26
"2018-2019",20,"MAVERICK COUNTY","Black or African American",15
"2018-2019",20,"MAVERICK COUNTY","Hispanic/Latino",14157
"2018-2019",20,"MAVERICK COUNTY","Native Hawaiian/Other Pacific",4
"2018-2019",20,"MAVERICK COUNTY","Two or more races",16
"2018-2019",20,"MAVERICK COUNTY","White",103
"2018-2019",15,"MCCULLOCH COUNTY","American Indian or Alaska Nat",1
"2018-2019",15,"MCCULLOCH COUNTY","Asian",11
"2018-2019",15,"MCCULLOCH COUNTY","Black or African American",23
"2018-2019",15,"MCCULLOCH COUNTY","Hispanic/Latino",614
"2018-2019",15,"MCCULLOCH COUNTY","Two or more races",26
"2018-2019",15,"MCCULLOCH COUNTY","White",725
"2018-2019",12,"MCLENNAN COUNTY","American Indian or Alaska Nat",160
"2018-2019",12,"MCLENNAN COUNTY","Asian",1628
"2018-2019",12,"MCLENNAN COUNTY","Black or African American",10084
"2018-2019",12,"MCLENNAN COUNTY","Hispanic/Latino",21764
"2018-2019",12,"MCLENNAN COUNTY","Native Hawaiian/Other Pacific",56
"2018-2019",12,"MCLENNAN COUNTY","Two or more races",1415
"2018-2019",12,"MCLENNAN COUNTY","White",19050
"2018-2019",02,"MCMULLEN COUNTY","American Indian or Alaska Nat",1
"2018-2019",02,"MCMULLEN COUNTY","Asian",4
"2018-2019",02,"MCMULLEN COUNTY","Hispanic/Latino",107
"2018-2019",02,"MCMULLEN COUNTY","Two or more races",2
"2018-2019",02,"MCMULLEN COUNTY","White",175
"2018-2019",20,"MEDINA COUNTY","American Indian or Alaska Nat",32
"2018-2019",20,"MEDINA COUNTY","Asian",40
"2018-2019",20,"MEDINA COUNTY","Black or African American",218
"2018-2019",20,"MEDINA COUNTY","Hispanic/Latino",7011
"2018-2019",20,"MEDINA COUNTY","Native Hawaiian/Other Pacific",18
"2018-2019",20,"MEDINA COUNTY","Two or more races",212
"2018-2019",20,"MEDINA COUNTY","White",3285
"2018-2019",15,"MENARD COUNTY","Black or African American",3
"2018-2019",15,"MENARD COUNTY","Hispanic/Latino",145
"2018-2019",15,"MENARD COUNTY","Two or more races",5
"2018-2019",15,"MENARD COUNTY","White",152
"2018-2019",18,"MIDLAND COUNTY","American Indian or Alaska Nat",76
"2018-2019",18,"MIDLAND COUNTY","Asian",645
"2018-2019",18,"MIDLAND COUNTY","Black or African American",2079
"2018-2019",18,"MIDLAND COUNTY","Hispanic/Latino",18143
"2018-2019",18,"MIDLAND COUNTY","Native Hawaiian/Other Pacific",23
"2018-2019",18,"MIDLAND COUNTY","Two or more races",509
"2018-2019",18,"MIDLAND COUNTY","White",7975
"2018-2019",06,"MILAM COUNTY","American Indian or Alaska Nat",6
"2018-2019",06,"MILAM COUNTY","Asian",22
"2018-2019",06,"MILAM COUNTY","Black or African American",461
"2018-2019",06,"MILAM COUNTY","Hispanic/Latino",1877
"2018-2019",06,"MILAM COUNTY","Native Hawaiian/Other Pacific",3
"2018-2019",06,"MILAM COUNTY","Two or more races",90
"2018-2019",06,"MILAM COUNTY","White",1592
"2018-2019",13,"MILAM COUNTY","Black or African American",9
"2018-2019",13,"MILAM COUNTY","Hispanic/Latino",142
"2018-2019",13,"MILAM COUNTY","Two or more races",13
"2018-2019",13,"MILAM COUNTY","White",393
"2018-2019",12,"MILLS COUNTY","American Indian or Alaska Nat",2
"2018-2019",12,"MILLS COUNTY","Asian",8
"2018-2019",12,"MILLS COUNTY","Black or African American",81
"2018-2019",12,"MILLS COUNTY","Hispanic/Latino",291
"2018-2019",12,"MILLS COUNTY","Two or more races",5
"2018-2019",12,"MILLS COUNTY","White",613
"2018-2019",14,"MITCHELL COUNTY","American Indian or Alaska Nat",7
"2018-2019",14,"MITCHELL COUNTY","Asian",7
"2018-2019",14,"MITCHELL COUNTY","Black or African American",97
"2018-2019",14,"MITCHELL COUNTY","Hispanic/Latino",612
"2018-2019",14,"MITCHELL COUNTY","Two or more races",25
"2018-2019",14,"MITCHELL COUNTY","White",629
"2018-2019",09,"MONTAGUE COUNTY","American Indian or Alaska Nat",17
"2018-2019",09,"MONTAGUE COUNTY","Asian",18
"2018-2019",09,"MONTAGUE COUNTY","Black or African American",22
"2018-2019",09,"MONTAGUE COUNTY","Hispanic/Latino",669
"2018-2019",09,"MONTAGUE COUNTY","Two or more races",121
"2018-2019",09,"MONTAGUE COUNTY","White",2586
"2018-2019",06,"MONTGOMERY COUNTY","American Indian or Alaska Nat",479
"2018-2019",06,"MONTGOMERY COUNTY","Asian",3487
"2018-2019",06,"MONTGOMERY COUNTY","Black or African American",6981
"2018-2019",06,"MONTGOMERY COUNTY","Hispanic/Latino",42783
"2018-2019",06,"MONTGOMERY COUNTY","Native Hawaiian/Other Pacific",197
"2018-2019",06,"MONTGOMERY COUNTY","Two or more races",2914
"2018-2019",06,"MONTGOMERY COUNTY","White",55507
"2018-2019",16,"MOORE COUNTY","American Indian or Alaska Nat",32
"2018-2019",16,"MOORE COUNTY","Asian",292
"2018-2019",16,"MOORE COUNTY","Black or African American",81
"2018-2019",16,"MOORE COUNTY","Hispanic/Latino",3474
"2018-2019",16,"MOORE COUNTY","Native Hawaiian/Other Pacific",1
"2018-2019",16,"MOORE COUNTY","Two or more races",39
"2018-2019",16,"MOORE COUNTY","White",937
"2018-2019",08,"MORRIS COUNTY","American Indian or Alaska Nat",5
"2018-2019",08,"MORRIS COUNTY","Asian",9
"2018-2019",08,"MORRIS COUNTY","Black or African American",526
"2018-2019",08,"MORRIS COUNTY","Hispanic/Latino",312
"2018-2019",08,"MORRIS COUNTY","Two or more races",138
"2018-2019",08,"MORRIS COUNTY","White",915
"2018-2019",17,"MOTLEY COUNTY","Black or African American",1
"2018-2019",17,"MOTLEY COUNTY","Hispanic/Latino",41
"2018-2019",17,"MOTLEY COUNTY","Two or more races",4
"2018-2019",17,"MOTLEY COUNTY","White",116
"2018-2019",07,"NACOGDOCHES COUNTY","American Indian or Alaska Nat",25
"2018-2019",07,"NACOGDOCHES COUNTY","Asian",123
"2018-2019",07,"NACOGDOCHES COUNTY","Black or African American",2188
"2018-2019",07,"NACOGDOCHES COUNTY","Hispanic/Latino",3750
"2018-2019",07,"NACOGDOCHES COUNTY","Native Hawaiian/Other Pacific",4
"2018-2019",07,"NACOGDOCHES COUNTY","Two or more races",306
"2018-2019",07,"NACOGDOCHES COUNTY","White",4720
"2018-2019",12,"NAVARRO COUNTY","American Indian or Alaska Nat",23
"2018-2019",12,"NAVARRO COUNTY","Asian",50
"2018-2019",12,"NAVARRO COUNTY","Black or African American",1234
"2018-2019",12,"NAVARRO COUNTY","Hispanic/Latino",4472
"2018-2019",12,"NAVARRO COUNTY","Native Hawaiian/Other Pacific",211
"2018-2019",12,"NAVARRO COUNTY","Two or more races",295
"2018-2019",12,"NAVARRO COUNTY","White",3819
"2018-2019",05,"NEWTON COUNTY","American Indian or Alaska Nat",13
"2018-2019",05,"NEWTON COUNTY","Asian",4
"2018-2019",05,"NEWTON COUNTY","Black or African American",451
"2018-2019",05,"NEWTON COUNTY","Hispanic/Latino",78
"2018-2019",05,"NEWTON COUNTY","Two or more races",78
"2018-2019",05,"NEWTON COUNTY","White",1272
"2018-2019",14,"NOLAN COUNTY","American Indian or Alaska Nat",6
"2018-2019",14,"NOLAN COUNTY","Asian",16
"2018-2019",14,"NOLAN COUNTY","Black or African American",143
"2018-2019",14,"NOLAN COUNTY","Hispanic/Latino",1598
"2018-2019",14,"NOLAN COUNTY","Two or more races",71
"2018-2019",14,"NOLAN COUNTY","White",1364
"2018-2019",02,"NUECES COUNTY","American Indian or Alaska Nat",99
"2018-2019",02,"NUECES COUNTY","Asian",935
"2018-2019",02,"NUECES COUNTY","Black or African American",1867
"2018-2019",02,"NUECES COUNTY","Hispanic/Latino",46229
"2018-2019",02,"NUECES COUNTY","Native Hawaiian/Other Pacific",57
"2018-2019",02,"NUECES COUNTY","Two or more races",769
"2018-2019",02,"NUECES COUNTY","White",11392
"2018-2019",16,"OCHILTREE COUNTY","American Indian or Alaska Nat",2
"2018-2019",16,"OCHILTREE COUNTY","Asian",5
"2018-2019",16,"OCHILTREE COUNTY","Black or African American",3
"2018-2019",16,"OCHILTREE COUNTY","Hispanic/Latino",1621
"2018-2019",16,"OCHILTREE COUNTY","Native Hawaiian/Other Pacific",2
"2018-2019",16,"OCHILTREE COUNTY","Two or more races",28
"2018-2019",16,"OCHILTREE COUNTY","White",577
"2018-2019",16,"OLDHAM COUNTY","American Indian or Alaska Nat",2
"2018-2019",16,"OLDHAM COUNTY","Asian",5
"2018-2019",16,"OLDHAM COUNTY","Black or African American",33
"2018-2019",16,"OLDHAM COUNTY","Hispanic/Latino",238
"2018-2019",16,"OLDHAM COUNTY","Two or more races",38
"2018-2019",16,"OLDHAM COUNTY","White",666
"2018-2019",05,"ORANGE COUNTY","American Indian or Alaska Nat",50
"2018-2019",05,"ORANGE COUNTY","Asian",206
"2018-2019",05,"ORANGE COUNTY","Black or African American",1675
"2018-2019",05,"ORANGE COUNTY","Hispanic/Latino",1791
"2018-2019",05,"ORANGE COUNTY","Native Hawaiian/Other Pacific",13
"2018-2019",05,"ORANGE COUNTY","Two or more races",429
"2018-2019",05,"ORANGE COUNTY","White",10924
"2018-2019",11,"PALO PINTO COUNTY","American Indian or Alaska Nat",14
"2018-2019",11,"PALO PINTO COUNTY","Asian",25
"2018-2019",11,"PALO PINTO COUNTY","Black or African American",113
"2018-2019",11,"PALO PINTO COUNTY","Hispanic/Latino",1554
"2018-2019",11,"PALO PINTO COUNTY","Two or more races",139
"2018-2019",11,"PALO PINTO COUNTY","White",2697
"2018-2019",07,"PANOLA COUNTY","American Indian or Alaska Nat",12
"2018-2019",07,"PANOLA COUNTY","Asian",19
"2018-2019",07,"PANOLA COUNTY","Black or African American",622
"2018-2019",07,"PANOLA COUNTY","Hispanic/Latino",651
"2018-2019",07,"PANOLA COUNTY","Native Hawaiian/Other Pacific",1
"2018-2019",07,"PANOLA COUNTY","Two or more races",98
"2018-2019",07,"PANOLA COUNTY","White",2616
"2018-2019",11,"PARKER COUNTY","American Indian or Alaska Nat",116
"2018-2019",11,"PARKER COUNTY","Asian",124
"2018-2019",11,"PARKER COUNTY","Black or African American",352
"2018-2019",11,"PARKER COUNTY","Hispanic/Latino",4393
"2018-2019",11,"PARKER COUNTY","Native Hawaiian/Other Pacific",17
"2018-2019",11,"PARKER COUNTY","Two or more races",692
"2018-2019",11,"PARKER COUNTY","White",16639
"2018-2019",16,"PARMER COUNTY","American Indian or Alaska Nat",5
"2018-2019",16,"PARMER COUNTY","Asian",4
"2018-2019",16,"PARMER COUNTY","Black or African American",7
"2018-2019",16,"PARMER COUNTY","Hispanic/Latino",1848
"2018-2019",16,"PARMER COUNTY","Two or more races",7
"2018-2019",16,"PARMER COUNTY","White",485
"2018-2019",18,"PECOS COUNTY","American Indian or Alaska Nat",7
"2018-2019",18,"PECOS COUNTY","Asian",18
"2018-2019",18,"PECOS COUNTY","Black or African American",28
"2018-2019",18,"PECOS COUNTY","Hispanic/Latino",2576
"2018-2019",18,"PECOS COUNTY","Native Hawaiian/Other Pacific",1
"2018-2019",18,"PECOS COUNTY","Two or more races",14
"2018-2019",18,"PECOS COUNTY","White",480
"2018-2019",06,"POLK COUNTY","American Indian or Alaska Nat",125
"2018-2019",06,"POLK COUNTY","Asian",50
"2018-2019",06,"POLK COUNTY","Black or African American",683
"2018-2019",06,"POLK COUNTY","Hispanic/Latino",1543
"2018-2019",06,"POLK COUNTY","Native Hawaiian/Other Pacific",1
"2018-2019",06,"POLK COUNTY","Two or more races",186
"2018-2019",06,"POLK COUNTY","White",4237
"2018-2019",16,"POTTER COUNTY","American Indian or Alaska Nat",168
"2018-2019",16,"POTTER COUNTY","Asian",1837
"2018-2019",16,"POTTER COUNTY","Black or African American",3535
"2018-2019",16,"POTTER COUNTY","Hispanic/Latino",16135
"2018-2019",16,"POTTER COUNTY","Native Hawaiian/Other Pacific",46
"2018-2019",16,"POTTER COUNTY","Two or more races",1081
"2018-2019",16,"POTTER COUNTY","White",13656
"2018-2019",18,"PRESIDIO COUNTY","Asian",14
"2018-2019",18,"PRESIDIO COUNTY","Black or African American",9
"2018-2019",18,"PRESIDIO COUNTY","Hispanic/Latino",1445
"2018-2019",18,"PRESIDIO COUNTY","Two or more races",3
"2018-2019",18,"PRESIDIO COUNTY","White",57
"2018-2019",07,"RAINS COUNTY","American Indian or Alaska Nat",13
"2018-2019",07,"RAINS COUNTY","Asian",7
"2018-2019",07,"RAINS COUNTY","Black or African American",42
"2018-2019",07,"RAINS COUNTY","Hispanic/Latino",286
"2018-2019",07,"RAINS COUNTY","Two or more races",49
"2018-2019",07,"RAINS COUNTY","White",1325
"2018-2019",16,"RANDALL COUNTY","American Indian or Alaska Nat",69
"2018-2019",16,"RANDALL COUNTY","Asian",144
"2018-2019",16,"RANDALL COUNTY","Black or African American",260
"2018-2019",16,"RANDALL COUNTY","Hispanic/Latino",2582
"2018-2019",16,"RANDALL COUNTY","Native Hawaiian/Other Pacific",14
"2018-2019",16,"RANDALL COUNTY","Two or more races",222
"2018-2019",16,"RANDALL COUNTY","White",6875
"2018-2019",18,"REAGAN COUNTY","American Indian or Alaska Nat",1
"2018-2019",18,"REAGAN COUNTY","Asian",6
"2018-2019",18,"REAGAN COUNTY","Black or African American",6
"2018-2019",18,"REAGAN COUNTY","Hispanic/Latino",715
"2018-2019",18,"REAGAN COUNTY","Native Hawaiian/Other Pacific",1
"2018-2019",18,"REAGAN COUNTY","Two or more races",8
"2018-2019",18,"REAGAN COUNTY","White",138
"2018-2019",20,"REAL COUNTY","American Indian or Alaska Nat",1
"2018-2019",20,"REAL COUNTY","Black or African American",6
"2018-2019",20,"REAL COUNTY","Hispanic/Latino",232
"2018-2019",20,"REAL COUNTY","Native Hawaiian/Other Pacific",1
"2018-2019",20,"REAL COUNTY","Two or more races",15
"2018-2019",20,"REAL COUNTY","White",262
"2018-2019",08,"RED RIVER COUNTY","American Indian or Alaska Nat",15
"2018-2019",08,"RED RIVER COUNTY","Asian",3
"2018-2019",08,"RED RIVER COUNTY","Black or African American",345
"2018-2019",08,"RED RIVER COUNTY","Hispanic/Latino",298
"2018-2019",08,"RED RIVER COUNTY","Two or more races",121
"2018-2019",08,"RED RIVER COUNTY","White",1355
"2018-2019",18,"REEVES COUNTY","American Indian or Alaska Nat",7
"2018-2019",18,"REEVES COUNTY","Asian",26
"2018-2019",18,"REEVES COUNTY","Black or African American",23
"2018-2019",18,"REEVES COUNTY","Hispanic/Latino",2682
"2018-2019",18,"REEVES COUNTY","Two or more races",9
"2018-2019",18,"REEVES COUNTY","White",236
"2018-2019",03,"REFUGIO COUNTY","American Indian or Alaska Nat",1
"2018-2019",03,"REFUGIO COUNTY","Asian",2
"2018-2019",03,"REFUGIO COUNTY","Black or African American",92
"2018-2019",03,"REFUGIO COUNTY","Hispanic/Latino",789
"2018-2019",03,"REFUGIO COUNTY","Two or more races",15
"2018-2019",03,"REFUGIO COUNTY","White",371
"2018-2019",16,"ROBERTS COUNTY","American Indian or Alaska Nat",1
"2018-2019",16,"ROBERTS COUNTY","Hispanic/Latino",31
"2018-2019",16,"ROBERTS COUNTY","White",187
"2018-2019",06,"ROBERTSON COUNTY","American Indian or Alaska Nat",3
"2018-2019",06,"ROBERTSON COUNTY","Asian",27
"2018-2019",06,"ROBERTSON COUNTY","Black or African American",709
"2018-2019",06,"ROBERTSON COUNTY","Hispanic/Latino",995
"2018-2019",06,"ROBERTSON COUNTY","Native Hawaiian/Other Pacific",1
"2018-2019",06,"ROBERTSON COUNTY","Two or more races",69
"2018-2019",06,"ROBERTSON COUNTY","White",1531
"2018-2019",10,"ROCKWALL COUNTY","American Indian or Alaska Nat",168
"2018-2019",10,"ROCKWALL COUNTY","Asian",554
"2018-2019",10,"ROCKWALL COUNTY","Black or African American",1917
"2018-2019",10,"ROCKWALL COUNTY","Hispanic/Latino",5712
"2018-2019",10,"ROCKWALL COUNTY","Native Hawaiian/Other Pacific",37
"2018-2019",10,"ROCKWALL COUNTY","Two or more races",864
"2018-2019",10,"ROCKWALL COUNTY","White",13504
"2018-2019",15,"RUNNELS COUNTY","American Indian or Alaska Nat",5
"2018-2019",15,"RUNNELS COUNTY","Asian",9
"2018-2019",15,"RUNNELS COUNTY","Black or African American",23
"2018-2019",15,"RUNNELS COUNTY","Hispanic/Latino",961
"2018-2019",15,"RUNNELS COUNTY","Two or more races",29
"2018-2019",15,"RUNNELS COUNTY","White",977
"2018-2019",07,"RUSK COUNTY","American Indian or Alaska Nat",47
"2018-2019",07,"RUSK COUNTY","Asian",36
"2018-2019",07,"RUSK COUNTY","Black or African American",1334
"2018-2019",07,"RUSK COUNTY","Hispanic/Latino",2381
"2018-2019",07,"RUSK COUNTY","Native Hawaiian/Other Pacific",7
"2018-2019",07,"RUSK COUNTY","Two or more races",227
"2018-2019",07,"RUSK COUNTY","White",3939
"2018-2019",07,"SABINE COUNTY","American Indian or Alaska Nat",9
"2018-2019",07,"SABINE COUNTY","Asian",5
"2018-2019",07,"SABINE COUNTY","Black or African American",137
"2018-2019",07,"SABINE COUNTY","Hispanic/Latino",115
"2018-2019",07,"SABINE COUNTY","Two or more races",80
"2018-2019",07,"SABINE COUNTY","White",1164
"2018-2019",07,"SAN AUGUSTINE COUNTY","American Indian or Alaska Nat",3
"2018-2019",07,"SAN AUGUSTINE COUNTY","Asian",2
"2018-2019",07,"SAN AUGUSTINE COUNTY","Black or African American",384
"2018-2019",07,"SAN AUGUSTINE COUNTY","Hispanic/Latino",216
"2018-2019",07,"SAN AUGUSTINE COUNTY","Two or more races",49
"2018-2019",07,"SAN AUGUSTINE COUNTY","White",498
"2018-2019",06,"SAN JACINTO COUNTY","American Indian or Alaska Nat",8
"2018-2019",06,"SAN JACINTO COUNTY","Asian",9
"2018-2019",06,"SAN JACINTO COUNTY","Black or African American",399
"2018-2019",06,"SAN JACINTO COUNTY","Hispanic/Latino",824
"2018-2019",06,"SAN JACINTO COUNTY","Native Hawaiian/Other Pacific",1
"2018-2019",06,"SAN JACINTO COUNTY","Two or more races",151
"2018-2019",06,"SAN JACINTO COUNTY","White",2216
"2018-2019",02,"SAN PATRICIO COUNTY","American Indian or Alaska Nat",44
"2018-2019",02,"SAN PATRICIO COUNTY","Asian",133
"2018-2019",02,"SAN PATRICIO COUNTY","Black or African American",189
"2018-2019",02,"SAN PATRICIO COUNTY","Hispanic/Latino",9763
"2018-2019",02,"SAN PATRICIO COUNTY","Native Hawaiian/Other Pacific",16
"2018-2019",02,"SAN PATRICIO COUNTY","Two or more races",196
"2018-2019",02,"SAN PATRICIO COUNTY","White",3761
"2018-2019",15,"SAN SABA COUNTY","American Indian or Alaska Nat",4
"2018-2019",15,"SAN SABA COUNTY","Asian",4
"2018-2019",15,"SAN SABA COUNTY","Black or African American",8
"2018-2019",15,"SAN SABA COUNTY","Hispanic/Latino",477
"2018-2019",15,"SAN SABA COUNTY","Two or more races",11
"2018-2019",15,"SAN SABA COUNTY","White",495
"2018-2019",15,"SCHLEICHER COUNTY","Asian",2
"2018-2019",15,"SCHLEICHER COUNTY","Hispanic/Latino",377
"2018-2019",15,"SCHLEICHER COUNTY","Two or more races",9
"2018-2019",15,"SCHLEICHER COUNTY","White",127
"2018-2019",14,"SCURRY COUNTY","American Indian or Alaska Nat",16
"2018-2019",14,"SCURRY COUNTY","Asian",18
"2018-2019",14,"SCURRY COUNTY","Black or African American",65
"2018-2019",14,"SCURRY COUNTY","Hispanic/Latino",1893
"2018-2019",14,"SCURRY COUNTY","Two or more races",50
"2018-2019",14,"SCURRY COUNTY","White",1128
"2018-2019",14,"SHACKELFORD COUNTY","American Indian or Alaska Nat",3
"2018-2019",14,"SHACKELFORD COUNTY","Asian",1
"2018-2019",14,"SHACKELFORD COUNTY","Black or African American",12
"2018-2019",14,"SHACKELFORD COUNTY","Hispanic/Latino",88
"2018-2019",14,"SHACKELFORD COUNTY","Native Hawaiian/Other Pacific",3
"2018-2019",14,"SHACKELFORD COUNTY","Two or more races",17
"2018-2019",14,"SHACKELFORD COUNTY","White",482
"2018-2019",07,"SHELBY COUNTY","American Indian or Alaska Nat",9
"2018-2019",07,"SHELBY COUNTY","Asian",69
"2018-2019",07,"SHELBY COUNTY","Black or African American",985
"2018-2019",07,"SHELBY COUNTY","Hispanic/Latino",1689
"2018-2019",07,"SHELBY COUNTY","Native Hawaiian/Other Pacific",1
"2018-2019",07,"SHELBY COUNTY","Two or more races",123
"2018-2019",07,"SHELBY COUNTY","White",2516
"2018-2019",16,"SHERMAN COUNTY","American Indian or Alaska Nat",2
"2018-2019",16,"SHERMAN COUNTY","Asian",1
"2018-2019",16,"SHERMAN COUNTY","Black or African American",4
"2018-2019",16,"SHERMAN COUNTY","Hispanic/Latino",478
"2018-2019",16,"SHERMAN COUNTY","Two or more races",12
"2018-2019",16,"SHERMAN COUNTY","White",252
"2018-2019",07,"SMITH COUNTY","American Indian or Alaska Nat",108
"2018-2019",07,"SMITH COUNTY","Asian",609
"2018-2019",07,"SMITH COUNTY","Black or African American",7282
"2018-2019",07,"SMITH COUNTY","Hispanic/Latino",12983
"2018-2019",07,"SMITH COUNTY","Native Hawaiian/Other Pacific",18
"2018-2019",07,"SMITH COUNTY","Two or more races",1311
"2018-2019",07,"SMITH COUNTY","White",16644
"2018-2019",11,"SOMERVELL COUNTY","American Indian or Alaska Nat",15
"2018-2019",11,"SOMERVELL COUNTY","Asian",28
"2018-2019",11,"SOMERVELL COUNTY","Black or African American",41
"2018-2019",11,"SOMERVELL COUNTY","Hispanic/Latino",593
"2018-2019",11,"SOMERVELL COUNTY","Two or more races",64
"2018-2019",11,"SOMERVELL COUNTY","White",1354
"2018-2019",01,"STARR COUNTY","Asian",16
"2018-2019",01,"STARR COUNTY","Black or African American",1
"2018-2019",01,"STARR COUNTY","Hispanic/Latino",16599
"2018-2019",01,"STARR COUNTY","Two or more races",1
"2018-2019",01,"STARR COUNTY","White",28
"2018-2019",14,"STEPHENS COUNTY","American Indian or Alaska Nat",22
"2018-2019",14,"STEPHENS COUNTY","Asian",8
"2018-2019",14,"STEPHENS COUNTY","Black or African American",17
"2018-2019",14,"STEPHENS COUNTY","Hispanic/Latino",493
"2018-2019",14,"STEPHENS COUNTY","Two or more races",24
"2018-2019",14,"STEPHENS COUNTY","White",917
"2018-2019",15,"STERLING COUNTY","Black or African American",3
"2018-2019",15,"STERLING COUNTY","Hispanic/Latino",144
"2018-2019",15,"STERLING COUNTY","Two or more races",5
"2018-2019",15,"STERLING COUNTY","White",175
"2018-2019",14,"STONEWALL COUNTY","Asian",7
"2018-2019",14,"STONEWALL COUNTY","Black or African American",4
"2018-2019",14,"STONEWALL COUNTY","Hispanic/Latino",63
"2018-2019",14,"STONEWALL COUNTY","Two or more races",4
"2018-2019",14,"STONEWALL COUNTY","White",146
"2018-2019",15,"SUTTON COUNTY","Asian",1
"2018-2019",15,"SUTTON COUNTY","Hispanic/Latino",581
"2018-2019",15,"SUTTON COUNTY","Two or more races",6
"2018-2019",15,"SUTTON COUNTY","White",220
"2018-2019",16,"SWISHER COUNTY","American Indian or Alaska Nat",3
"2018-2019",16,"SWISHER COUNTY","Asian",1
"2018-2019",16,"SWISHER COUNTY","Black or African American",126
"2018-2019",16,"SWISHER COUNTY","Hispanic/Latino",883
"2018-2019",16,"SWISHER COUNTY","Native Hawaiian/Other Pacific",7
"2018-2019",16,"SWISHER COUNTY","Two or more races",19
"2018-2019",16,"SWISHER COUNTY","White",570
"2018-2019",11,"TARRANT COUNTY","American Indian or Alaska Nat",1241
"2018-2019",11,"TARRANT COUNTY","Asian",18765
"2018-2019",11,"TARRANT COUNTY","Black or African American",71060
"2018-2019",11,"TARRANT COUNTY","Hispanic/Latino",147573
"2018-2019",11,"TARRANT COUNTY","Native Hawaiian/Other Pacific",1135
"2018-2019",11,"TARRANT COUNTY","Two or more races",12184
"2018-2019",11,"TARRANT COUNTY","White",107128
"2018-2019",14,"TAYLOR COUNTY","American Indian or Alaska Nat",131
"2018-2019",14,"TAYLOR COUNTY","Asian",1236
"2018-2019",14,"TAYLOR COUNTY","Black or African American",4401
"2018-2019",14,"TAYLOR COUNTY","Hispanic/Latino",12347
"2018-2019",14,"TAYLOR COUNTY","Native Hawaiian/Other Pacific",58
"2018-2019",14,"TAYLOR COUNTY","Two or more races",1508
"2018-2019",14,"TAYLOR COUNTY","White",16245
"2018-2019",18,"TERRELL COUNTY","Asian",3
"2018-2019",18,"TERRELL COUNTY","Black or African American",2
"2018-2019",18,"TERRELL COUNTY","Hispanic/Latino",70
"2018-2019",18,"TERRELL COUNTY","Two or more races",3
"2018-2019",18,"TERRELL COUNTY","White",43
"2018-2019",17,"TERRY COUNTY","American Indian or Alaska Nat",6
"2018-2019",17,"TERRY COUNTY","Asian",5
"2018-2019",17,"TERRY COUNTY","Black or African American",62
"2018-2019",17,"TERRY COUNTY","Hispanic/Latino",1646
"2018-2019",17,"TERRY COUNTY","Two or more races",35
"2018-2019",17,"TERRY COUNTY","White",600
"2018-2019",09,"THROCKMORTON COUNTY","Black or African American",3
"2018-2019",09,"THROCKMORTON COUNTY","Hispanic/Latino",54
"2018-2019",09,"THROCKMORTON COUNTY","Two or more races",2
"2018-2019",09,"THROCKMORTON COUNTY","White",232
"2018-2019",08,"TITUS COUNTY","American Indian or Alaska Nat",13
"2018-2019",08,"TITUS COUNTY","Asian",51
"2018-2019",08,"TITUS COUNTY","Black or African American",652
"2018-2019",08,"TITUS COUNTY","Hispanic/Latino",4452
"2018-2019",08,"TITUS COUNTY","Native Hawaiian/Other Pacific",4
"2018-2019",08,"TITUS COUNTY","Two or more races",128
"2018-2019",08,"TITUS COUNTY","White",1763
"2018-2019",15,"TOM GREEN COUNTY","American Indian or Alaska Nat",72
"2018-2019",15,"TOM GREEN COUNTY","Asian",235
"2018-2019",15,"TOM GREEN COUNTY","Black or African American",932
"2018-2019",15,"TOM GREEN COUNTY","Hispanic/Latino",11529
"2018-2019",15,"TOM GREEN COUNTY","Native Hawaiian/Other Pacific",22
"2018-2019",15,"TOM GREEN COUNTY","Two or more races",499
"2018-2019",15,"TOM GREEN COUNTY","White",8106
"2018-2019",13,"TRAVIS COUNTY","American Indian or Alaska Nat",367
"2018-2019",13,"TRAVIS COUNTY","Asian",8972
"2018-2019",13,"TRAVIS COUNTY","Black or African American",21038
"2018-2019",13,"TRAVIS COUNTY","Hispanic/Latino",102854
"2018-2019",13,"TRAVIS COUNTY","Native Hawaiian/Other Pacific",178
"2018-2019",13,"TRAVIS COUNTY","Two or more races",5745
"2018-2019",13,"TRAVIS COUNTY","White",47924
"2018-2019",06,"TRINITY COUNTY","American Indian or Alaska Nat",2
"2018-2019",06,"TRINITY COUNTY","Asian",9
"2018-2019",06,"TRINITY COUNTY","Black or African American",251
"2018-2019",06,"TRINITY COUNTY","Hispanic/Latino",415
"2018-2019",06,"TRINITY COUNTY","Two or more races",82
"2018-2019",06,"TRINITY COUNTY","White",1505
"2018-2019",05,"TYLER COUNTY","American Indian or Alaska Nat",59
"2018-2019",05,"TYLER COUNTY","Asian",18
"2018-2019",05,"TYLER COUNTY","Black or African American",322
"2018-2019",05,"TYLER COUNTY","Hispanic/Latino",260
"2018-2019",05,"TYLER COUNTY","Native Hawaiian/Other Pacific",2
"2018-2019",05,"TYLER COUNTY","Two or more races",127
"2018-2019",05,"TYLER COUNTY","White",2825
"2018-2019",07,"UPSHUR COUNTY","American Indian or Alaska Nat",46
"2018-2019",07,"UPSHUR COUNTY","Asian",27
"2018-2019",07,"UPSHUR COUNTY","Black or African American",509
"2018-2019",07,"UPSHUR COUNTY","Hispanic/Latino",1158
"2018-2019",07,"UPSHUR COUNTY","Native Hawaiian/Other Pacific",3
"2018-2019",07,"UPSHUR COUNTY","Two or more races",357
"2018-2019",07,"UPSHUR COUNTY","White",5371
"2018-2019",18,"UPTON COUNTY","American Indian or Alaska Nat",7
"2018-2019",18,"UPTON COUNTY","Black or African American",17
"2018-2019",18,"UPTON COUNTY","Hispanic/Latino",545
"2018-2019",18,"UPTON COUNTY","Two or more races",7
"2018-2019",18,"UPTON COUNTY","White",294
"2018-2019",20,"UVALDE COUNTY","American Indian or Alaska Nat",9
"2018-2019",20,"UVALDE COUNTY","Asian",26
"2018-2019",20,"UVALDE COUNTY","Black or African American",17
"2018-2019",20,"UVALDE COUNTY","Hispanic/Latino",4489
"2018-2019",20,"UVALDE COUNTY","Native Hawaiian/Other Pacific",4
"2018-2019",20,"UVALDE COUNTY","Two or more races",31
"2018-2019",20,"UVALDE COUNTY","White",848
"2018-2019",15,"VAL VERDE COUNTY","American Indian or Alaska Nat",4
"2018-2019",15,"VAL VERDE COUNTY","Asian",46
"2018-2019",15,"VAL VERDE COUNTY","Black or African American",88
"2018-2019",15,"VAL VERDE COUNTY","Hispanic/Latino",9805
"2018-2019",15,"VAL VERDE COUNTY","Native Hawaiian/Other Pacific",3
"2018-2019",15,"VAL VERDE COUNTY","Two or more races",23
"2018-2019",15,"VAL VERDE COUNTY","White",667
"2018-2019",07,"VAN ZANDT COUNTY","American Indian or Alaska Nat",13
"2018-2019",07,"VAN ZANDT COUNTY","Asian",23
"2018-2019",07,"VAN ZANDT COUNTY","Black or African American",131
"2018-2019",07,"VAN ZANDT COUNTY","Hispanic/Latino",1133
"2018-2019",07,"VAN ZANDT COUNTY","Native Hawaiian/Other Pacific",1
"2018-2019",07,"VAN ZANDT COUNTY","Two or more races",155
"2018-2019",07,"VAN ZANDT COUNTY","White",4112
"2018-2019",10,"VAN ZANDT COUNTY","American Indian or Alaska Nat",40
"2018-2019",10,"VAN ZANDT COUNTY","Asian",30
"2018-2019",10,"VAN ZANDT COUNTY","Black or African American",174
"2018-2019",10,"VAN ZANDT COUNTY","Hispanic/Latino",910
"2018-2019",10,"VAN ZANDT COUNTY","Native Hawaiian/Other Pacific",2
"2018-2019",10,"VAN ZANDT COUNTY","Two or more races",166
"2018-2019",10,"VAN ZANDT COUNTY","White",3374
"2018-2019",03,"VICTORIA COUNTY","American Indian or Alaska Nat",28
"2018-2019",03,"VICTORIA COUNTY","Asian",152
"2018-2019",03,"VICTORIA COUNTY","Black or African American",953
"2018-2019",03,"VICTORIA COUNTY","Hispanic/Latino",10028
"2018-2019",03,"VICTORIA COUNTY","Native Hawaiian/Other Pacific",7
"2018-2019",03,"VICTORIA COUNTY","Two or more races",250
"2018-2019",03,"VICTORIA COUNTY","White",3722
"2018-2019",06,"WALKER COUNTY","American Indian or Alaska Nat",54
"2018-2019",06,"WALKER COUNTY","Asian",161
"2018-2019",06,"WALKER COUNTY","Black or African American",2238
"2018-2019",06,"WALKER COUNTY","Hispanic/Latino",3290
"2018-2019",06,"WALKER COUNTY","Native Hawaiian/Other Pacific",10
"2018-2019",06,"WALKER COUNTY","Two or more races",362
"2018-2019",06,"WALKER COUNTY","White",4245
"2018-2019",04,"WALLER COUNTY","American Indian or Alaska Nat",32
"2018-2019",04,"WALLER COUNTY","Asian",69
"2018-2019",04,"WALLER COUNTY","Black or African American",1524
"2018-2019",04,"WALLER COUNTY","Hispanic/Latino",6720
"2018-2019",04,"WALLER COUNTY","Native Hawaiian/Other Pacific",6
"2018-2019",04,"WALLER COUNTY","Two or more races",225
"2018-2019",04,"WALLER COUNTY","White",2783
"2018-2019",18,"WARD COUNTY","American Indian or Alaska Nat",8
"2018-2019",18,"WARD COUNTY","Asian",12
"2018-2019",18,"WARD COUNTY","Black or African American",135
"2018-2019",18,"WARD COUNTY","Hispanic/Latino",1607
"2018-2019",18,"WARD COUNTY","Two or more races",18
"2018-2019",18,"WARD COUNTY","White",812
"2018-2019",06,"WASHINGTON COUNTY","American Indian or Alaska Nat",4
"2018-2019",06,"WASHINGTON COUNTY","Asian",86
"2018-2019",06,"WASHINGTON COUNTY","Black or African American",1193
"2018-2019",06,"WASHINGTON COUNTY","Hispanic/Latino",1865
"2018-2019",06,"WASHINGTON COUNTY","Native Hawaiian/Other Pacific",1
"2018-2019",06,"WASHINGTON COUNTY","Two or more races",125
"2018-2019",06,"WASHINGTON COUNTY","White",2225
"2018-2019",01,"WEBB COUNTY","American Indian or Alaska Nat",13
"2018-2019",01,"WEBB COUNTY","Asian",185
"2018-2019",01,"WEBB COUNTY","Black or African American",69
"2018-2019",01,"WEBB COUNTY","Hispanic/Latino",66891
"2018-2019",01,"WEBB COUNTY","Native Hawaiian/Other Pacific",8
"2018-2019",01,"WEBB COUNTY","Two or more races",25
"2018-2019",01,"WEBB COUNTY","White",391
"2018-2019",03,"WHARTON COUNTY","American Indian or Alaska Nat",11
"2018-2019",03,"WHARTON COUNTY","Asian",36
"2018-2019",03,"WHARTON COUNTY","Black or African American",1063
"2018-2019",03,"WHARTON COUNTY","Hispanic/Latino",4789
"2018-2019",03,"WHARTON COUNTY","Native Hawaiian/Other Pacific",5
"2018-2019",03,"WHARTON COUNTY","Two or more races",93
"2018-2019",03,"WHARTON COUNTY","White",2322
"2018-2019",16,"WHEELER COUNTY","American Indian or Alaska Nat",9
"2018-2019",16,"WHEELER COUNTY","Asian",6
"2018-2019",16,"WHEELER COUNTY","Black or African American",18
"2018-2019",16,"WHEELER COUNTY","Hispanic/Latino",436
"2018-2019",16,"WHEELER COUNTY","Two or more races",39
"2018-2019",16,"WHEELER COUNTY","White",553
"2018-2019",09,"WICHITA COUNTY","American Indian or Alaska Nat",127
"2018-2019",09,"WICHITA COUNTY","Asian",392
"2018-2019",09,"WICHITA COUNTY","Black or African American",2283
"2018-2019",09,"WICHITA COUNTY","Hispanic/Latino",6315
"2018-2019",09,"WICHITA COUNTY","Native Hawaiian/Other Pacific",23
"2018-2019",09,"WICHITA COUNTY","Two or more races",1301
"2018-2019",09,"WICHITA COUNTY","White",10279
"2018-2019",09,"WILBARGER COUNTY","American Indian or Alaska Nat",17
"2018-2019",09,"WILBARGER COUNTY","Asian",109
"2018-2019",09,"WILBARGER COUNTY","Black or African American",197
"2018-2019",09,"WILBARGER COUNTY","Hispanic/Latino",943
"2018-2019",09,"WILBARGER COUNTY","Native Hawaiian/Other Pacific",8
"2018-2019",09,"WILBARGER COUNTY","Two or more races",75
"2018-2019",09,"WILBARGER COUNTY","White",964
"2018-2019",01,"WILLACY COUNTY","American Indian or Alaska Nat",5
"2018-2019",01,"WILLACY COUNTY","Asian",5
"2018-2019",01,"WILLACY COUNTY","Black or African American",7
"2018-2019",01,"WILLACY COUNTY","Hispanic/Latino",4063
"2018-2019",01,"WILLACY COUNTY","Two or more races",7
"2018-2019",01,"WILLACY COUNTY","White",78
"2018-2019",13,"WILLIAMSON COUNTY","American Indian or Alaska Nat",415
"2018-2019",13,"WILLIAMSON COUNTY","Asian",13027
"2018-2019",13,"WILLIAMSON COUNTY","Black or African American",8306
"2018-2019",13,"WILLIAMSON COUNTY","Hispanic/Latino",39529
"2018-2019",13,"WILLIAMSON COUNTY","Native Hawaiian/Other Pacific",196
"2018-2019",13,"WILLIAMSON COUNTY","Two or more races",5234
"2018-2019",13,"WILLIAMSON COUNTY","White",56973
"2018-2019",20,"WILSON COUNTY","American Indian or Alaska Nat",32
"2018-2019",20,"WILSON COUNTY","Asian",25
"2018-2019",20,"WILSON COUNTY","Black or African American",91
"2018-2019",20,"WILSON COUNTY","Hispanic/Latino",4474
"2018-2019",20,"WILSON COUNTY","Native Hawaiian/Other Pacific",9
"2018-2019",20,"WILSON COUNTY","Two or more races",143
"2018-2019",20,"WILSON COUNTY","White",4356
"2018-2019",18,"WINKLER COUNTY","American Indian or Alaska Nat",8
"2018-2019",18,"WINKLER COUNTY","Asian",11
"2018-2019",18,"WINKLER COUNTY","Black or African American",26
"2018-2019",18,"WINKLER COUNTY","Hispanic/Latino",1403
"2018-2019",18,"WINKLER COUNTY","Two or more races",12
"2018-2019",18,"WINKLER COUNTY","White",479
"2018-2019",11,"WISE COUNTY","American Indian or Alaska Nat",66
"2018-2019",11,"WISE COUNTY","Asian",33
"2018-2019",11,"WISE COUNTY","Black or African American",76
"2018-2019",11,"WISE COUNTY","Hispanic/Latino",2937
"2018-2019",11,"WISE COUNTY","Native Hawaiian/Other Pacific",4
"2018-2019",11,"WISE COUNTY","Two or more races",192
"2018-2019",11,"WISE COUNTY","White",6365
"2018-2019",07,"WOOD COUNTY","American Indian or Alaska Nat",27
"2018-2019",07,"WOOD COUNTY","Asian",41
"2018-2019",07,"WOOD COUNTY","Black or African American",238
"2018-2019",07,"WOOD COUNTY","Hispanic/Latino",1224
"2018-2019",07,"WOOD COUNTY","Native Hawaiian/Other Pacific",10
"2018-2019",07,"WOOD COUNTY","Two or more races",199
"2018-2019",07,"WOOD COUNTY","White",4514
"2018-2019",17,"YOAKUM COUNTY","American Indian or Alaska Nat",6
"2018-2019",17,"YOAKUM COUNTY","Asian",11
"2018-2019",17,"YOAKUM COUNTY","Black or African American",11
"2018-2019",17,"YOAKUM COUNTY","Hispanic/Latino",1710
"2018-2019",17,"YOAKUM COUNTY","Two or more races",13
"2018-2019",17,"YOAKUM COUNTY","White",431
"2018-2019",09,"YOUNG COUNTY","American Indian or Alaska Nat",19
"2018-2019",09,"YOUNG COUNTY","Asian",15
"2018-2019",09,"YOUNG COUNTY","Black or African American",37
"2018-2019",09,"YOUNG COUNTY","Hispanic/Latino",1014
"2018-2019",09,"YOUNG COUNTY","Native Hawaiian/Other Pacific",2
"2018-2019",09,"YOUNG COUNTY","Two or more races",64
"2018-2019",09,"YOUNG COUNTY","White",2108
"2018-2019",01,"ZAPATA COUNTY","Asian",4
"2018-2019",01,"ZAPATA COUNTY","Black or African American",1
"2018-2019",01,"ZAPATA COUNTY","Hispanic/Latino",3492
"2018-2019",01,"ZAPATA COUNTY","Two or more races",2
"2018-2019",01,"ZAPATA COUNTY","White",23
"2018-2019",20,"ZAVALA COUNTY","American Indian or Alaska Nat",8
"2018-2019",20,"ZAVALA COUNTY","Asian",4
"2018-2019",20,"ZAVALA COUNTY","Black or African American",13
"2018-2019",20,"ZAVALA COUNTY","Hispanic/Latino",2392
"2018-2019",20,"ZAVALA COUNTY","Two or more races",2
"2018-2019",20,"ZAVALA COUNTY","White",20

